{"v":"5.7.6","fr":60,"ip":0,"op":181,"w":500,"h":500,"nm":"522-fish-outline","ddd":0,"assets":[],"layers":[{"ddd":0,"ind":1,"ty":3,"nm":"02092020","sr":1,"ks":{"o":{"a":0,"k":0,"ix":11},"r":{"a":0,"k":0,"ix":10},"p":{"a":0,"k":[-105,15,0],"ix":2,"l":2},"a":{"a":0,"k":[60,60,0],"ix":1,"l":2},"s":{"a":0,"k":[100,100,100],"ix":6,"l":2}},"ao":0,"ef":[{"ty":5,"nm":"02092020002","np":3,"mn":"ADBE Checkbox Control","ix":1,"en":1,"ef":[{"ty":7,"nm":"Checkbox","mn":"ADBE Checkbox Control-0001","ix":1,"v":{"a":0,"k":0,"ix":1}}]}],"ip":0,"op":300,"st":0,"bm":0},{"ddd":0,"ind":2,"ty":4,"nm":"lordicon.com Outlines","cl":"com","sr":1,"ks":{"o":{"a":0,"k":20,"ix":11,"x":"var $bm_rt;\nvar checkbox = thisComp.layer('02092020').effect('02092020002')('Checkbox');\nif (checkbox == 1) {\n    $bm_rt = 20;\n} else {\n    $bm_rt = 0;\n}\n;"},"r":{"a":0,"k":0,"ix":10},"p":{"a":0,"k":[249.934,481.369,0],"ix":2,"l":2},"a":{"a":0,"k":[79.934,0.369,0],"ix":1,"l":2},"s":{"a":0,"k":[265.159,265.159,100],"ix":6,"l":2}},"ao":0,"shapes":[{"ty":"gr","it":[{"ind":0,"ty":"sh","ix":1,"ks":{"a":0,"k":{"i":[[0,0],[0,0],[0,0],[0,0],[0,0],[0,0]],"o":[[0,0],[0,0],[0,0],[0,0],[0,0],[0,0]],"v":[[1.415,0],[11.014,0],[11.014,-2.523],[4.656,-2.523],[4.656,-14.809],[1.415,-14.809]],"c":true},"ix":2},"nm":"l","mn":"ADBE Vector Shape - Group","hd":false},{"ty":"fl","c":{"a":0,"k":[0,0,0,1],"ix":4},"o":{"a":0,"k":100,"ix":5},"r":1,"bm":0,"nm":"Fill 1","mn":"ADBE Vector Graphic - Fill","hd":false},{"ty":"tr","p":{"a":0,"k":[0,0],"ix":2},"a":{"a":0,"k":[0,0],"ix":1},"s":{"a":0,"k":[100,100],"ix":3},"r":{"a":0,"k":0,"ix":6},"o":{"a":0,"k":100,"ix":7},"sk":{"a":0,"k":0,"ix":4},"sa":{"a":0,"k":0,"ix":5},"nm":"Transform"}],"nm":"l","np":3,"cix":2,"bm":0,"ix":1,"mn":"ADBE Vector Group","hd":false},{"ty":"gr","it":[{"ind":0,"ty":"sh","ix":1,"ks":{"a":0,"k":{"i":[[0,-3.938],[-1.62,-1.723],[-1.949,0],[-1.641,1.846],[0,2.154],[1.579,1.805],[1.579,0]],"o":[[0,1.354],[1.354,1.415],[1.231,0],[1.21,-1.354],[0,-1.456],[-1.456,-1.641],[-5.333,0]],"v":[[11.167,-7.199],[12.992,-1.661],[18.243,0.369],[23.514,-1.743],[25.381,-7.548],[23.494,-13.127],[18.284,-15.137]],"c":true},"ix":2},"nm":"o","mn":"ADBE Vector Shape - Group","hd":false},{"ind":1,"ty":"sh","ix":2,"ks":{"a":0,"k":{"i":[[0,1.415],[-0.841,1.026],[-1.19,0],[-0.615,-1.825],[0,-0.718],[0.492,-0.738],[1.292,0],[0.451,0.615]],"o":[[0,-1.682],[0.595,-0.759],[1.518,0],[0.308,0.902],[0,2.359],[-0.595,0.923],[-1.477,0],[-0.882,-1.149]],"v":[[14.49,-7.302],[15.577,-11.609],[18.305,-12.86],[21.689,-10.235],[22.058,-7.589],[21.053,-3.343],[18.284,-1.969],[15.597,-3.159]],"c":true},"ix":2},"nm":"o","mn":"ADBE Vector Shape - Group","hd":false},{"ty":"mm","mm":1,"nm":"Merge Paths 1","mn":"ADBE Vector Filter - Merge","hd":false},{"ty":"fl","c":{"a":0,"k":[0,0,0,1],"ix":4},"o":{"a":0,"k":100,"ix":5},"r":1,"bm":0,"nm":"Fill 1","mn":"ADBE Vector Graphic - Fill","hd":false},{"ty":"tr","p":{"a":0,"k":[0,0],"ix":2},"a":{"a":0,"k":[0,0],"ix":1},"s":{"a":0,"k":[100,100],"ix":3},"r":{"a":0,"k":0,"ix":6},"o":{"a":0,"k":100,"ix":7},"sk":{"a":0,"k":0,"ix":4},"sa":{"a":0,"k":0,"ix":5},"nm":"Transform"}],"nm":"o","np":5,"cix":2,"bm":0,"ix":2,"mn":"ADBE Vector Group","hd":false},{"ty":"gr","it":[{"ind":0,"ty":"sh","ix":1,"ks":{"a":0,"k":{"i":[[0,0],[0,0],[0,0],[0,0],[-0.287,-0.841],[-0.144,-0.82],[0,0],[0.164,0.656],[0.226,1.743],[2.236,0.205],[0,2.769],[0.923,0.8],[1.641,-0.021],[0,0]],"o":[[0,0],[0,0],[0,0],[0.533,0],[0.205,0.574],[0,0],[-0.164,-0.246],[-0.103,-0.41],[-0.267,-1.928],[0.718,-0.205],[0,-0.964],[-1.19,-1.026],[0,0],[0,0]],"v":[[27.381,0],[30.622,0],[30.622,-5.989],[33.411,-5.989],[35.011,-5.148],[35.811,0],[39.318,0],[38.867,-1.067],[38.416,-3.938],[35.749,-7.343],[38.847,-10.973],[37.554,-13.824],[33.063,-14.829],[27.381,-14.829]],"c":true},"ix":2},"nm":"r","mn":"ADBE Vector Shape - Group","hd":false},{"ind":1,"ty":"sh","ix":2,"ks":{"a":0,"k":{"i":[[0,0],[0,0],[-0.492,-0.349],[0,-1.005],[0.226,-0.164],[0.369,0],[0,0]],"o":[[0,0],[1.005,0],[0.287,0.185],[0,1.046],[-0.513,0.41],[0,0],[0,0]],"v":[[30.519,-12.491],[32.652,-12.491],[34.744,-12.142],[35.524,-10.481],[34.703,-8.758],[33.083,-8.348],[30.519,-8.348]],"c":true},"ix":2},"nm":"r","mn":"ADBE Vector Shape - Group","hd":false},{"ty":"mm","mm":1,"nm":"Merge Paths 1","mn":"ADBE Vector Filter - Merge","hd":false},{"ty":"fl","c":{"a":0,"k":[0,0,0,1],"ix":4},"o":{"a":0,"k":100,"ix":5},"r":1,"bm":0,"nm":"Fill 1","mn":"ADBE Vector Graphic - Fill","hd":false},{"ty":"tr","p":{"a":0,"k":[0,0],"ix":2},"a":{"a":0,"k":[0,0],"ix":1},"s":{"a":0,"k":[100,100],"ix":3},"r":{"a":0,"k":0,"ix":6},"o":{"a":0,"k":100,"ix":7},"sk":{"a":0,"k":0,"ix":4},"sa":{"a":0,"k":0,"ix":5},"nm":"Transform"}],"nm":"r","np":5,"cix":2,"bm":0,"ix":3,"mn":"ADBE Vector Group","hd":false},{"ty":"gr","it":[{"ind":0,"ty":"sh","ix":1,"ks":{"a":0,"k":{"i":[[0,0],[0,0],[-0.554,0.103],[0,4.553],[1.866,1.374],[0.82,0],[0,0]],"o":[[0,0],[1.497,0],[2.81,-0.513],[0,-2.113],[-1.784,-1.313],[0,0],[0,0]],"v":[[41.068,0],[45.683,0],[48.349,-0.164],[53.6,-7.609],[51.077,-13.434],[45.97,-14.768],[41.068,-14.788]],"c":true},"ix":2},"nm":"d","mn":"ADBE Vector Shape - Group","hd":false},{"ind":1,"ty":"sh","ix":2,"ks":{"a":0,"k":{"i":[[0,0],[-0.656,-0.185],[0,-2.092],[1.251,-1.251],[1.354,0],[0.349,0.021]],"o":[[1.825,-0.082],[1.99,0.554],[0,0.718],[-0.923,0.923],[-0.369,0],[0,0]],"v":[[44.288,-12.388],[47.611,-12.183],[50.318,-7.609],[48.985,-3.425],[45.539,-2.4],[44.288,-2.441]],"c":true},"ix":2},"nm":"d","mn":"ADBE Vector Shape - Group","hd":false},{"ty":"mm","mm":1,"nm":"Merge Paths 1","mn":"ADBE Vector Filter - Merge","hd":false},{"ty":"fl","c":{"a":0,"k":[0,0,0,1],"ix":4},"o":{"a":0,"k":100,"ix":5},"r":1,"bm":0,"nm":"Fill 1","mn":"ADBE Vector Graphic - Fill","hd":false},{"ty":"tr","p":{"a":0,"k":[0,0],"ix":2},"a":{"a":0,"k":[0,0],"ix":1},"s":{"a":0,"k":[100,100],"ix":3},"r":{"a":0,"k":0,"ix":6},"o":{"a":0,"k":100,"ix":7},"sk":{"a":0,"k":0,"ix":4},"sa":{"a":0,"k":0,"ix":5},"nm":"Transform"}],"nm":"d","np":5,"cix":2,"bm":0,"ix":4,"mn":"ADBE Vector Group","hd":false},{"ty":"gr","it":[{"ind":0,"ty":"sh","ix":1,"ks":{"a":0,"k":{"i":[[0,0],[0,0],[0,0],[0,0]],"o":[[0,0],[0,0],[0,0],[0,0]],"v":[[55.669,0],[58.849,0],[58.849,-14.87],[55.669,-14.87]],"c":true},"ix":2},"nm":"i","mn":"ADBE Vector Shape - Group","hd":false},{"ty":"fl","c":{"a":0,"k":[0,0,0,1],"ix":4},"o":{"a":0,"k":100,"ix":5},"r":1,"bm":0,"nm":"Fill 1","mn":"ADBE Vector Graphic - Fill","hd":false},{"ty":"tr","p":{"a":0,"k":[0,0],"ix":2},"a":{"a":0,"k":[0,0],"ix":1},"s":{"a":0,"k":[100,100],"ix":3},"r":{"a":0,"k":0,"ix":6},"o":{"a":0,"k":100,"ix":7},"sk":{"a":0,"k":0,"ix":4},"sa":{"a":0,"k":0,"ix":5},"nm":"Transform"}],"nm":"i","np":3,"cix":2,"bm":0,"ix":5,"mn":"ADBE Vector Group","hd":false},{"ty":"gr","it":[{"ind":0,"ty":"sh","ix":1,"ks":{"a":0,"k":{"i":[[0,0],[3.241,0],[0,-4.697],[-5.107,0],[-1.313,1.354],[-0.062,0.882],[0,0],[1.333,0],[0,0.882],[-2.359,0],[-0.062,-0.513]],"o":[[0,-2.954],[-4.164,0],[0,3.671],[1.354,0],[1.19,-1.231],[0,0],[-0.062,1.969],[-3.097,0],[0,-3.056],[2.154,0],[0,0]],"v":[[73.104,-9.989],[67.587,-14.911],[60.798,-7.097],[67.566,0.349],[71.894,-1.313],[73.227,-4.799],[69.884,-4.799],[67.218,-1.99],[64.121,-7.076],[67.464,-12.593],[69.864,-9.989]],"c":true},"ix":2},"nm":"c","mn":"ADBE Vector Shape - Group","hd":false},{"ty":"fl","c":{"a":0,"k":[0,0,0,1],"ix":4},"o":{"a":0,"k":100,"ix":5},"r":1,"bm":0,"nm":"Fill 1","mn":"ADBE Vector Graphic - Fill","hd":false},{"ty":"tr","p":{"a":0,"k":[0,0],"ix":2},"a":{"a":0,"k":[0,0],"ix":1},"s":{"a":0,"k":[100,100],"ix":3},"r":{"a":0,"k":0,"ix":6},"o":{"a":0,"k":100,"ix":7},"sk":{"a":0,"k":0,"ix":4},"sa":{"a":0,"k":0,"ix":5},"nm":"Transform"}],"nm":"c","np":3,"cix":2,"bm":0,"ix":6,"mn":"ADBE Vector Group","hd":false},{"ty":"gr","it":[{"ind":0,"ty":"sh","ix":1,"ks":{"a":0,"k":{"i":[[0,-3.938],[-1.62,-1.723],[-1.949,0],[-1.641,1.846],[0,2.154],[1.579,1.805],[1.579,0]],"o":[[0,1.354],[1.354,1.415],[1.231,0],[1.21,-1.354],[0,-1.456],[-1.456,-1.641],[-5.333,0]],"v":[[74.546,-7.199],[76.372,-1.661],[81.622,0.369],[86.894,-1.743],[88.76,-7.548],[86.873,-13.127],[81.663,-15.137]],"c":true},"ix":2},"nm":"o","mn":"ADBE Vector Shape - Group","hd":false},{"ind":1,"ty":"sh","ix":2,"ks":{"a":0,"k":{"i":[[0,1.415],[-0.841,1.026],[-1.19,0],[-0.615,-1.825],[0,-0.718],[0.492,-0.738],[1.292,0],[0.451,0.615]],"o":[[0,-1.682],[0.595,-0.759],[1.518,0],[0.308,0.902],[0,2.359],[-0.595,0.923],[-1.477,0],[-0.882,-1.149]],"v":[[77.869,-7.302],[78.956,-11.609],[81.684,-12.86],[85.068,-10.235],[85.437,-7.589],[84.432,-3.343],[81.663,-1.969],[78.977,-3.159]],"c":true},"ix":2},"nm":"o","mn":"ADBE Vector Shape - Group","hd":false},{"ty":"mm","mm":1,"nm":"Merge Paths 1","mn":"ADBE Vector Filter - Merge","hd":false},{"ty":"fl","c":{"a":0,"k":[0,0,0,1],"ix":4},"o":{"a":0,"k":100,"ix":5},"r":1,"bm":0,"nm":"Fill 1","mn":"ADBE Vector Graphic - Fill","hd":false},{"ty":"tr","p":{"a":0,"k":[0,0],"ix":2},"a":{"a":0,"k":[0,0],"ix":1},"s":{"a":0,"k":[100,100],"ix":3},"r":{"a":0,"k":0,"ix":6},"o":{"a":0,"k":100,"ix":7},"sk":{"a":0,"k":0,"ix":4},"sa":{"a":0,"k":0,"ix":5},"nm":"Transform"}],"nm":"o","np":5,"cix":2,"bm":0,"ix":7,"mn":"ADBE Vector Group","hd":false},{"ty":"gr","it":[{"ind":0,"ty":"sh","ix":1,"ks":{"a":0,"k":{"i":[[0,0],[0,0],[0,0],[0,0],[0,0],[0,0],[0,0],[0,0],[0,0],[0,0]],"o":[[0,0],[0,0],[0,0],[0,0],[0,0],[0,0],[0,0],[0,0],[0,0],[0,0]],"v":[[91.007,0],[94.001,0],[94.001,-12.306],[99.744,0],[104.113,0],[104.113,-14.829],[101.159,-14.829],[101.159,-3.159],[95.601,-14.829],[91.007,-14.829]],"c":true},"ix":2},"nm":"n","mn":"ADBE Vector Shape - Group","hd":false},{"ty":"fl","c":{"a":0,"k":[0,0,0,1],"ix":4},"o":{"a":0,"k":100,"ix":5},"r":1,"bm":0,"nm":"Fill 1","mn":"ADBE Vector Graphic - Fill","hd":false},{"ty":"tr","p":{"a":0,"k":[0,0],"ix":2},"a":{"a":0,"k":[0,0],"ix":1},"s":{"a":0,"k":[100,100],"ix":3},"r":{"a":0,"k":0,"ix":6},"o":{"a":0,"k":100,"ix":7},"sk":{"a":0,"k":0,"ix":4},"sa":{"a":0,"k":0,"ix":5},"nm":"Transform"}],"nm":"n","np":3,"cix":2,"bm":0,"ix":8,"mn":"ADBE Vector Group","hd":false},{"ty":"gr","it":[{"ind":0,"ty":"sh","ix":1,"ks":{"a":0,"k":{"i":[[0,0],[0,0],[0,0],[0,0]],"o":[[0,0],[0,0],[0,0],[0,0]],"v":[[106.893,0],[109.497,0],[109.497,-2.728],[106.893,-2.728]],"c":true},"ix":2},"nm":".","mn":"ADBE Vector Shape - Group","hd":false},{"ty":"fl","c":{"a":0,"k":[0,0,0,1],"ix":4},"o":{"a":0,"k":100,"ix":5},"r":1,"bm":0,"nm":"Fill 1","mn":"ADBE Vector Graphic - Fill","hd":false},{"ty":"tr","p":{"a":0,"k":[0,0],"ix":2},"a":{"a":0,"k":[0,0],"ix":1},"s":{"a":0,"k":[100,100],"ix":3},"r":{"a":0,"k":0,"ix":6},"o":{"a":0,"k":100,"ix":7},"sk":{"a":0,"k":0,"ix":4},"sa":{"a":0,"k":0,"ix":5},"nm":"Transform"}],"nm":".","np":3,"cix":2,"bm":0,"ix":9,"mn":"ADBE Vector Group","hd":false},{"ty":"gr","it":[{"ind":0,"ty":"sh","ix":1,"ks":{"a":0,"k":{"i":[[0,0],[3.241,0],[0,-4.697],[-5.107,0],[-1.313,1.354],[-0.062,0.882],[0,0],[1.333,0],[0,0.882],[-2.359,0],[-0.062,-0.513]],"o":[[0,-2.954],[-4.164,0],[0,3.671],[1.354,0],[1.19,-1.231],[0,0],[-0.062,1.969],[-3.097,0],[0,-3.056],[2.154,0],[0,0]],"v":[[124.04,-9.989],[118.523,-14.911],[111.734,-7.097],[118.502,0.349],[122.83,-1.313],[124.163,-4.799],[120.82,-4.799],[118.154,-1.99],[115.057,-7.076],[118.4,-12.593],[120.8,-9.989]],"c":true},"ix":2},"nm":"c","mn":"ADBE Vector Shape - Group","hd":false},{"ty":"fl","c":{"a":0,"k":[0,0,0,1],"ix":4},"o":{"a":0,"k":100,"ix":5},"r":1,"bm":0,"nm":"Fill 1","mn":"ADBE Vector Graphic - Fill","hd":false},{"ty":"tr","p":{"a":0,"k":[0,0],"ix":2},"a":{"a":0,"k":[0,0],"ix":1},"s":{"a":0,"k":[100,100],"ix":3},"r":{"a":0,"k":0,"ix":6},"o":{"a":0,"k":100,"ix":7},"sk":{"a":0,"k":0,"ix":4},"sa":{"a":0,"k":0,"ix":5},"nm":"Transform"}],"nm":"c","np":3,"cix":2,"bm":0,"ix":10,"mn":"ADBE Vector Group","hd":false},{"ty":"gr","it":[{"ind":0,"ty":"sh","ix":1,"ks":{"a":0,"k":{"i":[[0,-3.938],[-1.62,-1.723],[-1.949,0],[-1.641,1.846],[0,2.154],[1.579,1.805],[1.579,0]],"o":[[0,1.354],[1.354,1.415],[1.231,0],[1.21,-1.354],[0,-1.456],[-1.456,-1.641],[-5.333,0]],"v":[[125.482,-7.199],[127.308,-1.661],[132.558,0.369],[137.829,-1.743],[139.696,-7.548],[137.809,-13.127],[132.599,-15.137]],"c":true},"ix":2},"nm":"o","mn":"ADBE Vector Shape - Group","hd":false},{"ind":1,"ty":"sh","ix":2,"ks":{"a":0,"k":{"i":[[0,1.415],[-0.841,1.026],[-1.19,0],[-0.615,-1.825],[0,-0.718],[0.492,-0.738],[1.292,0],[0.451,0.615]],"o":[[0,-1.682],[0.595,-0.759],[1.518,0],[0.308,0.902],[0,2.359],[-0.595,0.923],[-1.477,0],[-0.882,-1.149]],"v":[[128.805,-7.302],[129.892,-11.609],[132.62,-12.86],[136.004,-10.235],[136.373,-7.589],[135.368,-3.343],[132.599,-1.969],[129.912,-3.159]],"c":true},"ix":2},"nm":"o","mn":"ADBE Vector Shape - Group","hd":false},{"ty":"mm","mm":1,"nm":"Merge Paths 1","mn":"ADBE Vector Filter - Merge","hd":false},{"ty":"fl","c":{"a":0,"k":[0,0,0,1],"ix":4},"o":{"a":0,"k":100,"ix":5},"r":1,"bm":0,"nm":"Fill 1","mn":"ADBE Vector Graphic - Fill","hd":false},{"ty":"tr","p":{"a":0,"k":[0,0],"ix":2},"a":{"a":0,"k":[0,0],"ix":1},"s":{"a":0,"k":[100,100],"ix":3},"r":{"a":0,"k":0,"ix":6},"o":{"a":0,"k":100,"ix":7},"sk":{"a":0,"k":0,"ix":4},"sa":{"a":0,"k":0,"ix":5},"nm":"Transform"}],"nm":"o","np":5,"cix":2,"bm":0,"ix":11,"mn":"ADBE Vector Group","hd":false},{"ty":"gr","it":[{"ind":0,"ty":"sh","ix":1,"ks":{"a":0,"k":{"i":[[0,0],[0,0],[0,0],[0,0],[0,0],[0,0],[0,0],[0,0],[0,0],[0,0],[0,0],[0,0],[0,0]],"o":[[0,0],[0,0],[0,0],[0,0],[0,0],[0,0],[0,0],[0,0],[0,0],[0,0],[0,0],[0,0],[0,0]],"v":[[141.696,0],[144.67,0],[144.67,-12.716],[148.629,0],[151.254,0],[155.295,-12.716],[155.295,0],[158.453,0],[158.453,-14.829],[153.408,-14.829],[150.024,-4.041],[146.885,-14.829],[141.696,-14.829]],"c":true},"ix":2},"nm":"m","mn":"ADBE Vector Shape - Group","hd":false},{"ty":"fl","c":{"a":0,"k":[0,0,0,1],"ix":4},"o":{"a":0,"k":100,"ix":5},"r":1,"bm":0,"nm":"Fill 1","mn":"ADBE Vector Graphic - Fill","hd":false},{"ty":"tr","p":{"a":0,"k":[0,0],"ix":2},"a":{"a":0,"k":[0,0],"ix":1},"s":{"a":0,"k":[100,100],"ix":3},"r":{"a":0,"k":0,"ix":6},"o":{"a":0,"k":100,"ix":7},"sk":{"a":0,"k":0,"ix":4},"sa":{"a":0,"k":0,"ix":5},"nm":"Transform"}],"nm":"m","np":3,"cix":2,"bm":0,"ix":12,"mn":"ADBE Vector Group","hd":false}],"ip":2.5,"op":25,"st":0,"bm":0},{"ddd":0,"ind":3,"ty":3,"nm":"Color  & Stroke Change","sr":1,"ks":{"o":{"a":0,"k":0,"ix":11},"r":{"a":0,"k":0,"ix":10},"p":{"a":0,"k":[0,0],"ix":2,"l":2},"a":{"a":0,"k":[0,0,0],"ix":1,"l":2},"s":{"a":0,"k":[100,100,100],"ix":6,"l":2}},"ao":0,"ef":[{"ty":5,"nm":"Primary","np":3,"mn":"ADBE Color Control","ix":1,"en":1,"ef":[{"ty":2,"nm":"Color","mn":"ADBE Color Control-0001","ix":1,"v":{"a":0,"k":[0.070588238537,0.074509806931,0.192156866193,1],"ix":1}}]},{"ty":5,"nm":"Secondary","np":3,"mn":"ADBE Color Control","ix":2,"en":1,"ef":[{"ty":2,"nm":"Color","mn":"ADBE Color Control-0001","ix":1,"v":{"a":0,"k":[0.031372550875,0.658823549747,0.541176497936,1],"ix":1}}]},{"ty":5,"nm":"Stroke","np":3,"mn":"ADBE Slider Control","ix":3,"en":1,"ef":[{"ty":0,"nm":"Slider","mn":"ADBE Slider Control-0001","ix":1,"v":{"a":0,"k":70,"ix":1}}]},{"ty":5,"nm":"Axis","np":3,"mn":"ADBE Point Control","ix":4,"en":1,"ef":[{"ty":3,"nm":"Point","mn":"ADBE Point Control-0001","ix":1,"v":{"a":0,"k":[250,250],"ix":1}}]},{"ty":5,"nm":"Scale","np":3,"mn":"ADBE Slider Control","ix":5,"en":1,"ef":[{"ty":0,"nm":"Slider","mn":"ADBE Slider Control-0001","ix":1,"v":{"a":0,"k":100,"ix":1}}]}],"ip":0,"op":300,"st":0,"bm":0},{"ddd":0,"ind":4,"ty":3,"nm":"NULL","sr":1,"ks":{"o":{"a":0,"k":0,"ix":11},"r":{"a":0,"k":0,"ix":10},"p":{"a":0,"k":[250,250,0],"ix":2,"l":2,"x":"var $bm_rt;\n$bm_rt = thisComp.layer('Color  & Stroke Change').effect('Axis')('Point');"},"a":{"a":0,"k":[60,60,0],"ix":1,"l":2},"s":{"a":0,"k":[100,100,100],"ix":6,"l":2,"x":"var $bm_rt;\nvar temp;\ntemp = thisComp.layer('Color  & Stroke Change').effect('Scale')('Slider');\n$bm_rt = [\n    temp,\n    temp\n];"}},"ao":0,"ip":0,"op":300,"st":0,"bm":0},{"ddd":0,"ind":5,"ty":4,"nm":"Warstwa 10","parent":4,"sr":1,"ks":{"o":{"a":0,"k":100,"ix":11},"r":{"a":0,"k":0,"ix":10},"p":{"a":1,"k":[{"i":{"x":0.979,"y":0.975},"o":{"x":0.809,"y":0.636},"t":100,"s":[-110.912,78.047,0],"to":[-31,-186.758,0],"ti":[-319,-5.242,0]},{"t":143,"s":[405.588,-138,0]}],"ix":2,"l":2},"a":{"a":0,"k":[-166.412,-75.453,0],"ix":1,"l":2},"s":{"a":0,"k":[100,100,100],"ix":6,"l":2}},"ao":0,"shapes":[{"ty":"gr","it":[{"ind":0,"ty":"sh","ix":1,"ks":{"a":1,"k":[{"i":{"x":0.833,"y":0.833},"o":{"x":0.167,"y":0.167},"t":100,"s":[{"i":[[0,-0.026],[0.026,0],[0,0.026],[-0.026,0]],"o":[[0,0.026],[-0.026,0],[0,-0.026],[0.026,0]],"v":[[-166.365,-75.453],[-166.412,-75.406],[-166.459,-75.453],[-166.412,-75.5]],"c":true}]},{"t":143,"s":[{"i":[[0,-34.794],[34.794,0],[0,34.794],[-34.794,0]],"o":[[0,34.794],[-34.794,0],[0,-34.794],[34.794,0]],"v":[[-103.412,-75.453],[-166.412,-12.453],[-229.412,-75.453],[-166.412,-138.453]],"c":true}]}],"ix":2},"nm":"Path 1","mn":"ADBE Vector Shape - Group","hd":false},{"ty":"st","c":{"a":0,"k":[0.070588235294,0.074509803922,0.192156862745,1],"ix":3,"x":"var $bm_rt;\n$bm_rt = thisComp.layer('Color  & Stroke Change').effect('Secondary')('Color');"},"o":{"a":0,"k":100,"ix":4},"w":{"a":0,"k":18,"ix":5,"x":"var $bm_rt;\n$bm_rt = $bm_mul(18 / 100, thisComp.layer('Color  & Stroke Change').effect('Stroke')('Slider'));"},"lc":2,"lj":2,"bm":0,"nm":"Stroke 1","mn":"ADBE Vector Graphic - Stroke","hd":false},{"ty":"tr","p":{"a":0,"k":[0,0],"ix":2},"a":{"a":0,"k":[0,0],"ix":1},"s":{"a":0,"k":[100,100],"ix":3},"r":{"a":0,"k":0,"ix":6},"o":{"a":0,"k":100,"ix":7},"sk":{"a":0,"k":0,"ix":4},"sa":{"a":0,"k":0,"ix":5},"nm":"Transform"}],"nm":"Group 1","np":2,"cix":2,"bm":0,"ix":1,"mn":"ADBE Vector Group","hd":false}],"ip":100,"op":150,"st":100,"bm":0},{"ddd":0,"ind":6,"ty":4,"nm":"Warstwa 9","parent":4,"sr":1,"ks":{"o":{"a":0,"k":100,"ix":11},"r":{"a":0,"k":0,"ix":10},"p":{"a":1,"k":[{"i":{"x":0.979,"y":0.975},"o":{"x":0.809,"y":0.636},"t":68,"s":[-110.912,78.047,0],"to":[-31,-186.758,0],"ti":[-319,-5.242,0]},{"t":111,"s":[405.588,-138,0]}],"ix":2,"l":2},"a":{"a":0,"k":[-166.412,-75.453,0],"ix":1,"l":2},"s":{"a":0,"k":[100,100,100],"ix":6,"l":2}},"ao":0,"shapes":[{"ty":"gr","it":[{"ind":0,"ty":"sh","ix":1,"ks":{"a":1,"k":[{"i":{"x":0.833,"y":0.833},"o":{"x":0.167,"y":0.167},"t":68,"s":[{"i":[[0,-0.026],[0.026,0],[0,0.026],[-0.026,0]],"o":[[0,0.026],[-0.026,0],[0,-0.026],[0.026,0]],"v":[[-166.365,-75.453],[-166.412,-75.406],[-166.459,-75.453],[-166.412,-75.5]],"c":true}]},{"t":111,"s":[{"i":[[0,-34.794],[34.794,0],[0,34.794],[-34.794,0]],"o":[[0,34.794],[-34.794,0],[0,-34.794],[34.794,0]],"v":[[-103.412,-75.453],[-166.412,-12.453],[-229.412,-75.453],[-166.412,-138.453]],"c":true}]}],"ix":2},"nm":"Path 1","mn":"ADBE Vector Shape - Group","hd":false},{"ty":"st","c":{"a":0,"k":[0.070588235294,0.074509803922,0.192156862745,1],"ix":3,"x":"var $bm_rt;\n$bm_rt = thisComp.layer('Color  & Stroke Change').effect('Secondary')('Color');"},"o":{"a":0,"k":100,"ix":4},"w":{"a":0,"k":18,"ix":5,"x":"var $bm_rt;\n$bm_rt = $bm_mul(18 / 100, thisComp.layer('Color  & Stroke Change').effect('Stroke')('Slider'));"},"lc":2,"lj":2,"bm":0,"nm":"Stroke 1","mn":"ADBE Vector Graphic - Stroke","hd":false},{"ty":"tr","p":{"a":0,"k":[0,0],"ix":2},"a":{"a":0,"k":[0,0],"ix":1},"s":{"a":0,"k":[100,100],"ix":3},"r":{"a":0,"k":0,"ix":6},"o":{"a":0,"k":100,"ix":7},"sk":{"a":0,"k":0,"ix":4},"sa":{"a":0,"k":0,"ix":5},"nm":"Transform"}],"nm":"Group 1","np":2,"cix":2,"bm":0,"ix":1,"mn":"ADBE Vector Group","hd":false}],"ip":68,"op":118,"st":68,"bm":0},{"ddd":0,"ind":7,"ty":4,"nm":"Warstwa 8","parent":4,"sr":1,"ks":{"o":{"a":0,"k":100,"ix":11},"r":{"a":0,"k":0,"ix":10},"p":{"a":1,"k":[{"i":{"x":0.979,"y":0.975},"o":{"x":0.809,"y":0.636},"t":42,"s":[-110.912,78.047,0],"to":[-31,-186.758,0],"ti":[-319,-5.242,0]},{"t":85,"s":[405.588,-138,0]}],"ix":2,"l":2},"a":{"a":0,"k":[-166.412,-75.453,0],"ix":1,"l":2},"s":{"a":0,"k":[100,100,100],"ix":6,"l":2}},"ao":0,"shapes":[{"ty":"gr","it":[{"ind":0,"ty":"sh","ix":1,"ks":{"a":1,"k":[{"i":{"x":0.833,"y":0.833},"o":{"x":0.167,"y":0.167},"t":42,"s":[{"i":[[0,-0.026],[0.026,0],[0,0.026],[-0.026,0]],"o":[[0,0.026],[-0.026,0],[0,-0.026],[0.026,0]],"v":[[-166.365,-75.453],[-166.412,-75.406],[-166.459,-75.453],[-166.412,-75.5]],"c":true}]},{"t":85,"s":[{"i":[[0,-34.794],[34.794,0],[0,34.794],[-34.794,0]],"o":[[0,34.794],[-34.794,0],[0,-34.794],[34.794,0]],"v":[[-103.412,-75.453],[-166.412,-12.453],[-229.412,-75.453],[-166.412,-138.453]],"c":true}]}],"ix":2},"nm":"Path 1","mn":"ADBE Vector Shape - Group","hd":false},{"ty":"st","c":{"a":0,"k":[0.070588235294,0.074509803922,0.192156862745,1],"ix":3,"x":"var $bm_rt;\n$bm_rt = thisComp.layer('Color  & Stroke Change').effect('Secondary')('Color');"},"o":{"a":0,"k":100,"ix":4},"w":{"a":0,"k":18,"ix":5,"x":"var $bm_rt;\n$bm_rt = $bm_mul(18 / 100, thisComp.layer('Color  & Stroke Change').effect('Stroke')('Slider'));"},"lc":2,"lj":2,"bm":0,"nm":"Stroke 1","mn":"ADBE Vector Graphic - Stroke","hd":false},{"ty":"tr","p":{"a":0,"k":[0,0],"ix":2},"a":{"a":0,"k":[0,0],"ix":1},"s":{"a":0,"k":[100,100],"ix":3},"r":{"a":0,"k":0,"ix":6},"o":{"a":0,"k":100,"ix":7},"sk":{"a":0,"k":0,"ix":4},"sa":{"a":0,"k":0,"ix":5},"nm":"Transform"}],"nm":"Group 1","np":2,"cix":2,"bm":0,"ix":1,"mn":"ADBE Vector Group","hd":false}],"ip":42,"op":92,"st":42,"bm":0},{"ddd":0,"ind":8,"ty":4,"nm":"Warstwa 5","parent":4,"sr":1,"ks":{"o":{"a":0,"k":100,"ix":11},"r":{"a":0,"k":0,"ix":10},"p":{"a":1,"k":[{"i":{"x":0.979,"y":0.975},"o":{"x":0.809,"y":0.636},"t":28,"s":[-110.912,78.047,0],"to":[-31,-186.758,0],"ti":[-319,-5.242,0]},{"t":71,"s":[405.588,-138,0]}],"ix":2,"l":2},"a":{"a":0,"k":[-166.412,-75.453,0],"ix":1,"l":2},"s":{"a":0,"k":[100,100,100],"ix":6,"l":2}},"ao":0,"shapes":[{"ty":"gr","it":[{"ind":0,"ty":"sh","ix":1,"ks":{"a":1,"k":[{"i":{"x":0.833,"y":0.833},"o":{"x":0.167,"y":0.167},"t":28,"s":[{"i":[[0,-0.026],[0.026,0],[0,0.026],[-0.026,0]],"o":[[0,0.026],[-0.026,0],[0,-0.026],[0.026,0]],"v":[[-166.365,-75.453],[-166.412,-75.406],[-166.459,-75.453],[-166.412,-75.5]],"c":true}]},{"t":71,"s":[{"i":[[0,-34.794],[34.794,0],[0,34.794],[-34.794,0]],"o":[[0,34.794],[-34.794,0],[0,-34.794],[34.794,0]],"v":[[-103.412,-75.453],[-166.412,-12.453],[-229.412,-75.453],[-166.412,-138.453]],"c":true}]}],"ix":2},"nm":"Path 1","mn":"ADBE Vector Shape - Group","hd":false},{"ty":"st","c":{"a":0,"k":[0.070588235294,0.074509803922,0.192156862745,1],"ix":3,"x":"var $bm_rt;\n$bm_rt = thisComp.layer('Color  & Stroke Change').effect('Secondary')('Color');"},"o":{"a":0,"k":100,"ix":4},"w":{"a":0,"k":18,"ix":5,"x":"var $bm_rt;\n$bm_rt = $bm_mul(18 / 100, thisComp.layer('Color  & Stroke Change').effect('Stroke')('Slider'));"},"lc":2,"lj":2,"bm":0,"nm":"Stroke 1","mn":"ADBE Vector Graphic - Stroke","hd":false},{"ty":"tr","p":{"a":0,"k":[0,0],"ix":2},"a":{"a":0,"k":[0,0],"ix":1},"s":{"a":0,"k":[100,100],"ix":3},"r":{"a":0,"k":0,"ix":6},"o":{"a":0,"k":100,"ix":7},"sk":{"a":0,"k":0,"ix":4},"sa":{"a":0,"k":0,"ix":5},"nm":"Transform"}],"nm":"Group 1","np":2,"cix":2,"bm":0,"ix":1,"mn":"ADBE Vector Group","hd":false}],"ip":28,"op":78,"st":28,"bm":0},{"ddd":0,"ind":9,"ty":4,"nm":"Warstwa 7","parent":4,"sr":1,"ks":{"o":{"a":0,"k":100,"ix":11},"r":{"a":0,"k":0,"ix":10},"p":{"a":1,"k":[{"i":{"x":0.833,"y":0.833},"o":{"x":1,"y":0},"t":4,"s":[-106.412,4.547,0],"to":[56,-110.758,0],"ti":[-320,-27.242,0]},{"t":51,"s":[405.588,-94,0]}],"ix":2,"l":2},"a":{"a":0,"k":[-166.412,-75.453,0],"ix":1,"l":2},"s":{"a":0,"k":[100,100,100],"ix":6,"l":2}},"ao":0,"shapes":[{"ty":"gr","it":[{"ind":0,"ty":"sh","ix":1,"ks":{"a":1,"k":[{"i":{"x":0.833,"y":0.833},"o":{"x":0.333,"y":0},"t":4,"s":[{"i":[[0,-7.387],[7.387,0],[0,7.387],[-7.387,0]],"o":[[0,7.387],[-7.387,0],[0,-7.387],[7.387,0]],"v":[[-153.036,-75.453],[-166.412,-62.077],[-179.788,-75.453],[-166.412,-88.829]],"c":true}]},{"t":51,"s":[{"i":[[0,-19.882],[19.882,0],[0,19.882],[-19.882,0]],"o":[[0,19.882],[-19.882,0],[0,-19.882],[19.882,0]],"v":[[-130.412,-75.453],[-166.412,-39.453],[-202.412,-75.453],[-166.412,-111.453]],"c":true}]}],"ix":2},"nm":"Path 1","mn":"ADBE Vector Shape - Group","hd":false},{"ty":"st","c":{"a":0,"k":[0.070588235294,0.074509803922,0.192156862745,1],"ix":3,"x":"var $bm_rt;\n$bm_rt = thisComp.layer('Color  & Stroke Change').effect('Secondary')('Color');"},"o":{"a":0,"k":100,"ix":4},"w":{"a":0,"k":18,"ix":5,"x":"var $bm_rt;\n$bm_rt = $bm_mul(18 / 100, thisComp.layer('Color  & Stroke Change').effect('Stroke')('Slider'));"},"lc":2,"lj":2,"bm":0,"nm":"Stroke 1","mn":"ADBE Vector Graphic - Stroke","hd":false},{"ty":"tr","p":{"a":0,"k":[0,0],"ix":2},"a":{"a":0,"k":[0,0],"ix":1},"s":{"a":0,"k":[100,100],"ix":3},"r":{"a":0,"k":0,"ix":6},"o":{"a":0,"k":100,"ix":7},"sk":{"a":0,"k":0,"ix":4},"sa":{"a":0,"k":0,"ix":5},"nm":"Transform"}],"nm":"Group 1","np":2,"cix":2,"bm":0,"ix":1,"mn":"ADBE Vector Group","hd":false}],"ip":0,"op":53,"st":4,"bm":0},{"ddd":0,"ind":10,"ty":4,"nm":"Warstwa 6","parent":4,"sr":1,"ks":{"o":{"a":0,"k":100,"ix":11},"r":{"a":0,"k":0,"ix":10},"p":{"a":1,"k":[{"i":{"x":0.833,"y":0.833},"o":{"x":1,"y":0},"t":0,"s":[-59.469,-57.509,0],"to":[117.833,-37.667,0],"ti":[-53.833,0.667,0]},{"t":37,"s":[368.531,-91.509,0]}],"ix":2,"l":2},"a":{"a":0,"k":[-119.469,-137.509,0],"ix":1,"l":2},"s":{"a":0,"k":[100,100,100],"ix":6,"l":2}},"ao":0,"shapes":[{"ty":"gr","it":[{"ind":0,"ty":"sh","ix":1,"ks":{"a":1,"k":[{"i":{"x":0.833,"y":0.833},"o":{"x":0.333,"y":0},"t":0,"s":[{"i":[[0,-12.809],[12.809,0],[0,12.809],[-12.809,0]],"o":[[0,12.809],[-12.809,0],[0,-12.809],[12.809,0]],"v":[[-96.276,-137.509],[-119.469,-114.316],[-142.662,-137.509],[-119.469,-160.702]],"c":true}]},{"t":37,"s":[{"i":[[0,-26.229],[26.229,0],[0,26.229],[-26.229,0]],"o":[[0,26.229],[-26.229,0],[0,-26.229],[26.229,0]],"v":[[-71.978,-137.509],[-119.469,-90.018],[-166.96,-137.509],[-119.469,-185]],"c":true}]}],"ix":2},"nm":"Path 1","mn":"ADBE Vector Shape - Group","hd":false},{"ty":"st","c":{"a":0,"k":[0.070588235294,0.074509803922,0.192156862745,1],"ix":3,"x":"var $bm_rt;\n$bm_rt = thisComp.layer('Color  & Stroke Change').effect('Secondary')('Color');"},"o":{"a":0,"k":100,"ix":4},"w":{"a":0,"k":18,"ix":5,"x":"var $bm_rt;\n$bm_rt = $bm_mul(18 / 100, thisComp.layer('Color  & Stroke Change').effect('Stroke')('Slider'));"},"lc":2,"lj":2,"bm":0,"nm":"Stroke 1","mn":"ADBE Vector Graphic - Stroke","hd":false},{"ty":"tr","p":{"a":0,"k":[0,0],"ix":2},"a":{"a":0,"k":[0,0],"ix":1},"s":{"a":0,"k":[100,100],"ix":3},"r":{"a":0,"k":0,"ix":6},"o":{"a":0,"k":100,"ix":7},"sk":{"a":0,"k":0,"ix":4},"sa":{"a":0,"k":0,"ix":5},"nm":"Transform"}],"nm":"Group 1","np":2,"cix":2,"bm":0,"ix":1,"mn":"ADBE Vector Group","hd":false}],"ip":0,"op":38,"st":68,"bm":0},{"ddd":0,"ind":11,"ty":4,"nm":"Warstwa 12","parent":4,"sr":1,"ks":{"o":{"a":0,"k":100,"ix":11},"r":{"a":0,"k":0,"ix":10},"p":{"a":1,"k":[{"i":{"x":0,"y":1},"o":{"x":0.167,"y":0.167},"t":134,"s":[-109.412,79.547,0],"to":[0,0,0],"ti":[-15.08,32.893,0]},{"t":180,"s":[-106.412,4.547,0]}],"ix":2,"l":2},"a":{"a":0,"k":[-166.412,-75.453,0],"ix":1,"l":2},"s":{"a":0,"k":[100,100,100],"ix":6,"l":2}},"ao":0,"shapes":[{"ty":"gr","it":[{"ind":0,"ty":"sh","ix":1,"ks":{"a":1,"k":[{"i":{"x":0,"y":1},"o":{"x":0.167,"y":0.167},"t":134,"s":[{"i":[[0,0.026],[-0.026,0],[0,-0.026],[0.026,0]],"o":[[0,-0.026],[0.026,0],[0,0.026],[-0.026,0]],"v":[[-166.459,-75.453],[-166.412,-75.5],[-166.365,-75.453],[-166.412,-75.406]],"c":true}]},{"t":180,"s":[{"i":[[0,-7.387],[7.387,0],[0,7.387],[-7.387,0]],"o":[[0,7.387],[-7.387,0],[0,-7.387],[7.387,0]],"v":[[-153.036,-75.453],[-166.412,-62.077],[-179.788,-75.453],[-166.412,-88.829]],"c":true}]}],"ix":2},"nm":"Path 1","mn":"ADBE Vector Shape - Group","hd":false},{"ty":"st","c":{"a":0,"k":[0.070588235294,0.074509803922,0.192156862745,1],"ix":3,"x":"var $bm_rt;\n$bm_rt = thisComp.layer('Color  & Stroke Change').effect('Secondary')('Color');"},"o":{"a":0,"k":100,"ix":4},"w":{"a":0,"k":18,"ix":5,"x":"var $bm_rt;\n$bm_rt = $bm_mul(18 / 100, thisComp.layer('Color  & Stroke Change').effect('Stroke')('Slider'));"},"lc":2,"lj":2,"bm":0,"nm":"Stroke 1","mn":"ADBE Vector Graphic - Stroke","hd":false},{"ty":"tr","p":{"a":0,"k":[0,0],"ix":2},"a":{"a":0,"k":[0,0],"ix":1},"s":{"a":0,"k":[100,100],"ix":3},"r":{"a":0,"k":0,"ix":6},"o":{"a":0,"k":100,"ix":7},"sk":{"a":0,"k":0,"ix":4},"sa":{"a":0,"k":0,"ix":5},"nm":"Transform"}],"nm":"Group 1","np":2,"cix":2,"bm":0,"ix":1,"mn":"ADBE Vector Group","hd":false}],"ip":135,"op":409,"st":161,"bm":0},{"ddd":0,"ind":12,"ty":4,"nm":"Warstwa 11","parent":4,"sr":1,"ks":{"o":{"a":0,"k":100,"ix":11},"r":{"a":0,"k":0,"ix":10},"p":{"a":1,"k":[{"i":{"x":0.02,"y":1},"o":{"x":0.167,"y":0.167},"t":116,"s":[-108.443,79.5,0],"to":[0,0,0],"ti":[-48.72,15.574,0]},{"t":175,"s":[-59.469,-57.509,0]}],"ix":2,"l":2},"a":{"a":0,"k":[-119.469,-137.509,0],"ix":1,"l":2},"s":{"a":0,"k":[100,100,100],"ix":6,"l":2}},"ao":0,"shapes":[{"ty":"gr","it":[{"ind":0,"ty":"sh","ix":1,"ks":{"a":1,"k":[{"i":{"x":0.02,"y":1},"o":{"x":0.167,"y":0.167},"t":116,"s":[{"i":[[0,-0.535],[0.535,0],[0,0.535],[-0.535,0]],"o":[[0,0.535],[-0.535,0],[0,-0.535],[0.535,0]],"v":[[-118.5,-137.509],[-119.469,-136.54],[-120.438,-137.509],[-119.469,-138.478]],"c":true}]},{"t":175,"s":[{"i":[[0,-12.809],[12.809,0],[0,12.809],[-12.809,0]],"o":[[0,12.809],[-12.809,0],[0,-12.809],[12.809,0]],"v":[[-96.276,-137.509],[-119.469,-114.316],[-142.662,-137.509],[-119.469,-160.702]],"c":true}]}],"ix":2},"nm":"Path 1","mn":"ADBE Vector Shape - Group","hd":false},{"ty":"st","c":{"a":0,"k":[0.070588235294,0.074509803922,0.192156862745,1],"ix":3,"x":"var $bm_rt;\n$bm_rt = thisComp.layer('Color  & Stroke Change').effect('Secondary')('Color');"},"o":{"a":0,"k":100,"ix":4},"w":{"a":0,"k":18,"ix":5,"x":"var $bm_rt;\n$bm_rt = $bm_mul(18 / 100, thisComp.layer('Color  & Stroke Change').effect('Stroke')('Slider'));"},"lc":2,"lj":2,"bm":0,"nm":"Stroke 1","mn":"ADBE Vector Graphic - Stroke","hd":false},{"ty":"tr","p":{"a":0,"k":[0,0],"ix":2},"a":{"a":0,"k":[0,0],"ix":1},"s":{"a":0,"k":[100,100],"ix":3},"r":{"a":0,"k":0,"ix":6},"o":{"a":0,"k":100,"ix":7},"sk":{"a":0,"k":0,"ix":4},"sa":{"a":0,"k":0,"ix":5},"nm":"Transform"}],"nm":"Group 1","np":2,"cix":2,"bm":0,"ix":1,"mn":"ADBE Vector Group","hd":false}],"ip":117,"op":403,"st":211,"bm":0},{"ddd":0,"ind":13,"ty":4,"nm":"Warstwa 4","parent":4,"sr":1,"ks":{"o":{"a":0,"k":100,"ix":11},"r":{"a":1,"k":[{"i":{"x":[0.667],"y":[1]},"o":{"x":[0.167],"y":[0.167]},"t":2,"s":[0]},{"i":{"x":[0.667],"y":[1]},"o":{"x":[0.333],"y":[0]},"t":12,"s":[-2]},{"i":{"x":[0.667],"y":[1]},"o":{"x":[0.333],"y":[0]},"t":25,"s":[4]},{"i":{"x":[0.667],"y":[1]},"o":{"x":[0.333],"y":[0]},"t":40,"s":[-4]},{"i":{"x":[0.667],"y":[1]},"o":{"x":[0.333],"y":[0]},"t":55,"s":[4]},{"i":{"x":[0.667],"y":[1]},"o":{"x":[0.333],"y":[0]},"t":70,"s":[-4]},{"i":{"x":[0.667],"y":[1]},"o":{"x":[0.333],"y":[0]},"t":85,"s":[4]},{"i":{"x":[0.667],"y":[1]},"o":{"x":[0.333],"y":[0]},"t":102,"s":[-4]},{"i":{"x":[0.667],"y":[1]},"o":{"x":[0.333],"y":[0]},"t":119,"s":[4]},{"i":{"x":[0],"y":[1]},"o":{"x":[0.333],"y":[0]},"t":136,"s":[-1]},{"t":153,"s":[0]}],"ix":10},"p":{"a":0,"k":[-64.654,80.5,0],"ix":2,"l":2},"a":{"a":0,"k":[-124.654,0.5,0],"ix":1,"l":2},"s":{"a":0,"k":[100,100,100],"ix":6,"l":2}},"ao":0,"shapes":[{"ty":"gr","it":[{"ind":0,"ty":"sh","ix":1,"ks":{"a":0,"k":{"i":[[0,0],[0,0]],"o":[[0,0],[0,0]],"v":[[-121.986,-13.93],[-121.397,-13.95]],"c":false},"ix":2},"nm":"Path 2","mn":"ADBE Vector Shape - Group","hd":false},{"ty":"st","c":{"a":0,"k":[0.070588235294,0.074509803922,0.192156862745,1],"ix":3,"x":"var $bm_rt;\n$bm_rt = thisComp.layer('Color  & Stroke Change').effect('Primary')('Color');"},"o":{"a":0,"k":100,"ix":4},"w":{"a":0,"k":18,"ix":5,"x":"var $bm_rt;\n$bm_rt = $bm_mul(25 / 100, thisComp.layer('Color  & Stroke Change').effect('Stroke')('Slider'));"},"lc":2,"lj":2,"bm":0,"nm":"Stroke 1","mn":"ADBE Vector Graphic - Stroke","hd":false},{"ty":"tr","p":{"a":0,"k":[0,0],"ix":2},"a":{"a":0,"k":[0,0],"ix":1},"s":{"a":0,"k":[100,100],"ix":3},"r":{"a":0,"k":0,"ix":6},"o":{"a":0,"k":100,"ix":7},"sk":{"a":0,"k":0,"ix":4},"sa":{"a":0,"k":0,"ix":5},"nm":"Transform"}],"nm":"Group 8","np":2,"cix":2,"bm":0,"ix":1,"mn":"ADBE Vector Group","hd":false},{"ty":"gr","it":[{"ind":0,"ty":"sh","ix":1,"ks":{"a":1,"k":[{"i":{"x":0.667,"y":1},"o":{"x":0.167,"y":0.167},"t":6,"s":[{"i":[[0,-15.663],[20.751,-1.787],[33.764,0],[24.658,14.573],[11.715,21],[-17.131,16.502],[-29.026,0],[-32.814,-23.669]],"o":[[0,19.291],[-28.504,2.454],[-32.034,0],[-19.291,-11.404],[14.673,-13.114],[17.712,-17.052],[38.032,0],[16.442,11.864]],"v":[[84.33,-0.575],[54.674,45.453],[-35.703,69.442],[-122.141,47.882],[-169.309,-0.575],[-123.601,-49.761],[-55.693,-80.606],[58.832,-42.655]],"c":true}]},{"i":{"x":0.667,"y":1},"o":{"x":0.333,"y":0},"t":16,"s":[{"i":[[-2.953,-15.382],[20.042,-5.667],[33.755,-0.782],[24.658,14.573],[11.715,21],[-17.131,16.502],[-29.018,0.672],[-35.551,-19.316]],"o":[[3.637,18.945],[-27.53,7.784],[-32.026,0.742],[-19.291,-11.404],[14.673,-13.114],[17.712,-17.052],[38.022,-0.88],[17.816,9.68]],"v":[[87.882,-15.26],[67.435,35.533],[-33.835,68.666],[-122.141,47.882],[-169.309,-0.575],[-123.601,-49.761],[-57.294,-80.88],[56.595,-51.153]],"c":true}]},{"i":{"x":0.667,"y":1},"o":{"x":0.333,"y":0},"t":29,"s":[{"i":[[4.138,-15.106],[20.815,0.753],[33.409,4.887],[24.658,14.573],[11.715,21],[-17.131,16.502],[-28.72,-4.201],[-27.453,-29.72]],"o":[[-5.097,18.605],[-28.428,-1.029],[-31.697,-4.637],[-19.291,-11.404],[14.673,-13.114],[17.712,-17.052],[37.632,5.505],[13.758,14.894]],"v":[[81.355,31.796],[40.592,68.353],[-45.107,74.342],[-122.141,47.882],[-169.309,-0.575],[-123.601,-49.761],[-43.17,-77.02],[65.036,-19.368]],"c":true}]},{"i":{"x":0.667,"y":1},"o":{"x":0.333,"y":0},"t":44,"s":[{"i":[[-2.953,-15.382],[20.042,-5.667],[33.755,-0.782],[24.658,14.573],[11.715,21],[-17.131,16.502],[-29.018,0.672],[-35.551,-19.316]],"o":[[3.637,18.945],[-27.53,7.784],[-32.026,0.742],[-19.291,-11.404],[14.673,-13.114],[17.712,-17.052],[38.022,-0.88],[17.816,9.68]],"v":[[87.882,-15.26],[67.435,35.533],[-33.835,68.666],[-122.141,47.882],[-169.309,-0.575],[-123.601,-49.761],[-57.294,-80.88],[56.595,-51.153]],"c":true}]},{"i":{"x":0.667,"y":1},"o":{"x":0.333,"y":0},"t":59,"s":[{"i":[[4.138,-15.106],[20.815,0.753],[33.409,4.887],[24.658,14.573],[11.715,21],[-17.131,16.502],[-28.72,-4.201],[-27.453,-29.72]],"o":[[-5.097,18.605],[-28.428,-1.029],[-31.697,-4.637],[-19.291,-11.404],[14.673,-13.114],[17.712,-17.052],[37.632,5.505],[13.758,14.894]],"v":[[81.355,31.796],[40.592,68.353],[-45.107,74.342],[-122.141,47.882],[-169.309,-0.575],[-123.601,-49.761],[-43.17,-77.02],[65.036,-19.368]],"c":true}]},{"i":{"x":0.667,"y":1},"o":{"x":0.333,"y":0},"t":74,"s":[{"i":[[-2.953,-15.382],[20.042,-5.667],[33.755,-0.782],[24.658,14.573],[11.715,21],[-17.131,16.502],[-29.018,0.672],[-35.551,-19.316]],"o":[[3.637,18.945],[-27.53,7.784],[-32.026,0.742],[-19.291,-11.404],[14.673,-13.114],[17.712,-17.052],[38.022,-0.88],[17.816,9.68]],"v":[[87.882,-15.26],[67.435,35.533],[-33.835,68.666],[-122.141,47.882],[-169.309,-0.575],[-123.601,-49.761],[-57.294,-80.88],[56.595,-51.153]],"c":true}]},{"i":{"x":0.667,"y":1},"o":{"x":0.333,"y":0},"t":89,"s":[{"i":[[4.138,-15.106],[20.815,0.753],[33.409,4.887],[24.658,14.573],[11.715,21],[-17.131,16.502],[-28.72,-4.201],[-27.453,-29.72]],"o":[[-5.097,18.605],[-28.428,-1.029],[-31.697,-4.637],[-19.291,-11.404],[14.673,-13.114],[17.712,-17.052],[37.632,5.505],[13.758,14.894]],"v":[[81.355,31.796],[40.592,68.353],[-45.107,74.342],[-122.141,47.882],[-169.309,-0.575],[-123.601,-49.761],[-43.17,-77.02],[65.036,-19.368]],"c":true}]},{"i":{"x":0.667,"y":1},"o":{"x":0.333,"y":0},"t":106,"s":[{"i":[[-2.953,-15.382],[20.042,-5.667],[33.755,-0.782],[24.658,14.573],[11.715,21],[-17.131,16.502],[-29.018,0.672],[-35.551,-19.316]],"o":[[3.637,18.945],[-27.53,7.784],[-32.026,0.742],[-19.291,-11.404],[14.673,-13.114],[17.712,-17.052],[38.022,-0.88],[17.816,9.68]],"v":[[87.882,-15.26],[67.435,35.533],[-33.835,68.666],[-122.141,47.882],[-169.309,-0.575],[-123.601,-49.761],[-57.294,-80.88],[56.595,-51.153]],"c":true}]},{"i":{"x":0.667,"y":1},"o":{"x":0.333,"y":0},"t":123,"s":[{"i":[[4.138,-15.106],[20.815,0.753],[33.409,4.887],[24.658,14.573],[11.715,21],[-17.131,16.502],[-28.72,-4.201],[-27.453,-29.72]],"o":[[-5.097,18.605],[-28.428,-1.029],[-31.697,-4.637],[-19.291,-11.404],[14.673,-13.114],[17.712,-17.052],[37.632,5.505],[13.758,14.894]],"v":[[81.355,31.796],[40.592,68.353],[-45.107,74.342],[-122.141,47.882],[-169.309,-0.575],[-123.601,-49.761],[-43.17,-77.02],[65.036,-19.368]],"c":true}]},{"i":{"x":0.02,"y":1},"o":{"x":0.333,"y":0},"t":140,"s":[{"i":[[-2.953,-15.382],[20.042,-5.667],[33.755,-0.782],[24.658,14.573],[11.715,21],[-17.131,16.502],[-29.018,0.672],[-35.551,-19.316]],"o":[[3.637,18.945],[-27.53,7.784],[-32.026,0.742],[-19.291,-11.404],[14.673,-13.114],[17.712,-17.052],[38.022,-0.88],[17.816,9.68]],"v":[[87.882,-15.26],[67.435,35.533],[-33.835,68.666],[-122.141,47.882],[-169.309,-0.575],[-123.601,-49.761],[-57.294,-80.88],[56.595,-51.153]],"c":true}]},{"t":157,"s":[{"i":[[0,-15.663],[20.751,-1.787],[33.764,0],[24.658,14.573],[11.715,21],[-17.131,16.502],[-29.026,0],[-32.814,-23.669]],"o":[[0,19.291],[-28.504,2.454],[-32.034,0],[-19.291,-11.404],[14.673,-13.114],[17.712,-17.052],[38.032,0],[16.442,11.864]],"v":[[84.33,-0.575],[54.674,45.453],[-35.703,69.442],[-122.141,47.882],[-169.309,-0.575],[-123.601,-49.761],[-55.693,-80.606],[58.832,-42.655]],"c":true}]}],"ix":2},"nm":"Path 5","mn":"ADBE Vector Shape - Group","hd":false},{"ind":1,"ty":"sh","ix":2,"ks":{"a":0,"k":{"i":[[0,0],[-6.181,-0.274]],"o":[[7.849,3.264],[0,0]],"v":[[-167.393,-1.046],[-144.234,5.683]],"c":false},"ix":2},"nm":"Path 3","mn":"ADBE Vector Shape - Group","hd":false},{"ind":2,"ty":"sh","ix":3,"ks":{"a":0,"k":{"i":[[0,0],[0,-22.08],[21.97,-11.66]],"o":[[23.65,11.51],[0,21.15],[0,0]],"v":[[-119.469,-53.612],[-80.289,-0.542],[-116.519,51.018]],"c":false},"ix":2},"nm":"Path 4","mn":"ADBE Vector Shape - Group","hd":false},{"ty":"st","c":{"a":0,"k":[0.070588235294,0.074509803922,0.192156862745,1],"ix":3,"x":"var $bm_rt;\n$bm_rt = thisComp.layer('Color  & Stroke Change').effect('Primary')('Color');"},"o":{"a":0,"k":100,"ix":4},"w":{"a":0,"k":18,"ix":5,"x":"var $bm_rt;\n$bm_rt = $bm_mul(18 / 100, thisComp.layer('Color  & Stroke Change').effect('Stroke')('Slider'));"},"lc":2,"lj":2,"bm":0,"nm":"Stroke 1","mn":"ADBE Vector Graphic - Stroke","hd":false},{"ty":"tr","p":{"a":0,"k":[0,0],"ix":2},"a":{"a":0,"k":[0,0],"ix":1},"s":{"a":0,"k":[100,100],"ix":3},"r":{"a":0,"k":0,"ix":6},"o":{"a":0,"k":100,"ix":7},"sk":{"a":0,"k":0,"ix":4},"sa":{"a":0,"k":0,"ix":5},"nm":"Transform"}],"nm":"Group 1","np":4,"cix":2,"bm":0,"ix":2,"mn":"ADBE Vector Group","hd":false},{"ty":"gr","it":[{"ind":0,"ty":"sh","ix":1,"ks":{"a":1,"k":[{"i":{"x":0.667,"y":1},"o":{"x":0.167,"y":0.167},"t":6,"s":[{"i":[[0,0],[-19.802,-7.998],[70.649,29.54]],"o":[[0,0],[15.591,6.297],[0,0]],"v":[[-50.446,0.76],[2.927,-5.929],[-50.446,25.445]],"c":false}]},{"i":{"x":0.667,"y":1},"o":{"x":0.333,"y":0},"t":16,"s":[{"i":[[0,0],[-19.982,-7.537],[71.314,27.897]],"o":[[0,0],[15.733,5.934],[0,0]],"v":[[-50.164,0.344],[3.04,-7.579],[-49.593,25.022]],"c":false}]},{"i":{"x":0.667,"y":1},"o":{"x":0.333,"y":0},"t":29,"s":[{"i":[[0,0],[-19.194,-9.364],[68.408,34.414]],"o":[[0,0],[15.112,7.373],[0,0]],"v":[[-50.794,4.75],[2.917,1.815],[-52.522,29.375]],"c":false}]},{"i":{"x":0.667,"y":1},"o":{"x":0.333,"y":0},"t":44,"s":[{"i":[[0,0],[-19.982,-7.537],[71.314,27.897]],"o":[[0,0],[15.733,5.934],[0,0]],"v":[[-50.164,0.344],[3.04,-7.579],[-49.593,25.022]],"c":false}]},{"i":{"x":0.667,"y":1},"o":{"x":0.333,"y":0},"t":59,"s":[{"i":[[0,0],[-19.194,-9.364],[68.408,34.414]],"o":[[0,0],[15.112,7.373],[0,0]],"v":[[-50.794,4.75],[2.917,1.815],[-52.522,29.375]],"c":false}]},{"i":{"x":0.667,"y":1},"o":{"x":0.333,"y":0},"t":74,"s":[{"i":[[0,0],[-19.982,-7.537],[71.314,27.897]],"o":[[0,0],[15.733,5.934],[0,0]],"v":[[-50.164,0.344],[3.04,-7.579],[-49.593,25.022]],"c":false}]},{"i":{"x":0.667,"y":1},"o":{"x":0.333,"y":0},"t":89,"s":[{"i":[[0,0],[-19.194,-9.364],[68.408,34.414]],"o":[[0,0],[15.112,7.373],[0,0]],"v":[[-50.794,4.75],[2.917,1.815],[-52.522,29.375]],"c":false}]},{"i":{"x":0.667,"y":1},"o":{"x":0.333,"y":0},"t":106,"s":[{"i":[[0,0],[-19.982,-7.537],[71.314,27.897]],"o":[[0,0],[15.733,5.934],[0,0]],"v":[[-50.164,0.344],[3.04,-7.579],[-49.593,25.022]],"c":false}]},{"i":{"x":0.667,"y":1},"o":{"x":0.333,"y":0},"t":123,"s":[{"i":[[0,0],[-19.194,-9.364],[68.408,34.414]],"o":[[0,0],[15.112,7.373],[0,0]],"v":[[-50.794,4.75],[2.917,1.815],[-52.522,29.375]],"c":false}]},{"i":{"x":0.02,"y":1},"o":{"x":0.333,"y":0},"t":140,"s":[{"i":[[0,0],[-19.982,-7.537],[71.314,27.897]],"o":[[0,0],[15.733,5.934],[0,0]],"v":[[-50.164,0.344],[3.04,-7.579],[-49.593,25.022]],"c":false}]},{"t":157,"s":[{"i":[[0,0],[-19.802,-7.998],[70.649,29.54]],"o":[[0,0],[15.591,6.297],[0,0]],"v":[[-50.446,0.76],[2.927,-5.929],[-50.446,25.445]],"c":false}]}],"ix":2},"nm":"Path 4","mn":"ADBE Vector Shape - Group","hd":false},{"ty":"st","c":{"a":0,"k":[0.070588235294,0.074509803922,0.192156862745,1],"ix":3,"x":"var $bm_rt;\n$bm_rt = thisComp.layer('Color  & Stroke Change').effect('Secondary')('Color');"},"o":{"a":0,"k":100,"ix":4},"w":{"a":0,"k":18,"ix":5,"x":"var $bm_rt;\n$bm_rt = $bm_mul(18 / 100, thisComp.layer('Color  & Stroke Change').effect('Stroke')('Slider'));"},"lc":2,"lj":2,"bm":0,"nm":"Stroke 1","mn":"ADBE Vector Graphic - Stroke","hd":false},{"ty":"tr","p":{"a":0,"k":[-50,13],"ix":2},"a":{"a":0,"k":[0,0],"ix":1,"x":"var $bm_rt;\n$bm_rt = content('Group 7').transform.position;"},"s":{"a":0,"k":[100,100],"ix":3},"r":{"a":1,"k":[{"i":{"x":[0.667],"y":[1]},"o":{"x":[0.333],"y":[0]},"t":2,"s":[0]},{"i":{"x":[0.667],"y":[1]},"o":{"x":[0.333],"y":[0]},"t":7,"s":[-7]},{"i":{"x":[0.667],"y":[1]},"o":{"x":[0.333],"y":[0]},"t":12,"s":[0]},{"i":{"x":[0.667],"y":[1]},"o":{"x":[0.333],"y":[0]},"t":17,"s":[-7]},{"i":{"x":[0.667],"y":[1]},"o":{"x":[0.333],"y":[0]},"t":22,"s":[0]},{"i":{"x":[0.667],"y":[1]},"o":{"x":[0.333],"y":[0]},"t":27,"s":[-7]},{"i":{"x":[0.667],"y":[1]},"o":{"x":[0.333],"y":[0]},"t":32,"s":[0]},{"i":{"x":[0.667],"y":[1]},"o":{"x":[0.333],"y":[0]},"t":37,"s":[-7]},{"i":{"x":[0.667],"y":[1]},"o":{"x":[0.333],"y":[0]},"t":42,"s":[0]},{"i":{"x":[0.667],"y":[1]},"o":{"x":[0.333],"y":[0]},"t":47,"s":[-7]},{"i":{"x":[0.667],"y":[1]},"o":{"x":[0.333],"y":[0]},"t":52,"s":[0]},{"i":{"x":[0.667],"y":[1]},"o":{"x":[0.333],"y":[0]},"t":57,"s":[-7]},{"i":{"x":[0.667],"y":[1]},"o":{"x":[0.333],"y":[0]},"t":62,"s":[0]},{"i":{"x":[0.667],"y":[1]},"o":{"x":[0.333],"y":[0]},"t":67,"s":[-7]},{"i":{"x":[0.667],"y":[1]},"o":{"x":[0.333],"y":[0]},"t":72,"s":[0]},{"i":{"x":[0.667],"y":[1]},"o":{"x":[0.333],"y":[0]},"t":77,"s":[-7]},{"i":{"x":[0.667],"y":[1]},"o":{"x":[0.333],"y":[0]},"t":82,"s":[0]},{"i":{"x":[0.667],"y":[1]},"o":{"x":[0.333],"y":[0]},"t":87,"s":[-7]},{"i":{"x":[0.667],"y":[1]},"o":{"x":[0.333],"y":[0]},"t":92,"s":[0]},{"i":{"x":[0.667],"y":[1]},"o":{"x":[0.333],"y":[0]},"t":97,"s":[-7]},{"i":{"x":[0.667],"y":[1]},"o":{"x":[0.333],"y":[0]},"t":102,"s":[0]},{"i":{"x":[0.667],"y":[1]},"o":{"x":[0.333],"y":[0]},"t":107,"s":[-7]},{"i":{"x":[0.667],"y":[1]},"o":{"x":[0.333],"y":[0]},"t":112,"s":[0]},{"i":{"x":[0.667],"y":[1]},"o":{"x":[0.333],"y":[0]},"t":117,"s":[-7]},{"i":{"x":[0.667],"y":[1]},"o":{"x":[0.333],"y":[0]},"t":122,"s":[0]},{"i":{"x":[0.667],"y":[1]},"o":{"x":[0.333],"y":[0]},"t":127,"s":[-7]},{"i":{"x":[0.667],"y":[1]},"o":{"x":[0.333],"y":[0]},"t":132,"s":[0]},{"i":{"x":[0.667],"y":[1]},"o":{"x":[0.333],"y":[0]},"t":137,"s":[-7]},{"i":{"x":[0.667],"y":[1]},"o":{"x":[0.333],"y":[0]},"t":142,"s":[0]},{"i":{"x":[0.667],"y":[1]},"o":{"x":[0.333],"y":[0]},"t":147,"s":[-7]},{"t":157,"s":[0]}],"ix":6},"o":{"a":0,"k":100,"ix":7},"sk":{"a":0,"k":0,"ix":4},"sa":{"a":0,"k":0,"ix":5},"nm":"Transform"}],"nm":"Group 7","np":2,"cix":2,"bm":0,"ix":3,"mn":"ADBE Vector Group","hd":false},{"ty":"gr","it":[{"ind":0,"ty":"sh","ix":1,"ks":{"a":1,"k":[{"i":{"x":0.667,"y":1},"o":{"x":0.167,"y":0.167},"t":6,"s":[{"i":[[0,0],[-43.125,19.647],[5.744,-8.551],[-3.356,-23.189],[42.142,-4.579]],"o":[[30.407,6.683],[-10.336,17.517],[10.119,14.621],[-44.751,-26.197],[0,0]],"v":[[63.25,-39.256],[167.929,-66.299],[124.36,-0.937],[154.39,78.442],[56.101,45.292]],"c":false}]},{"i":{"x":0.667,"y":1},"o":{"x":0.333,"y":0},"t":16,"s":[{"i":[[0,0],[-34.418,32.576],[2.659,-9.953],[-10.698,-20.846],[40.523,-12.442]],"o":[[31.121,0.831],[-4.094,19.923],[14.315,10.547],[-50.83,-10.261],[0,0]],"v":[[59.887,-49.274],[145.873,-105.322],[125.867,-29.36],[180.026,35.982],[68.806,35.106]],"c":false}]},{"i":{"x":0.667,"y":1},"o":{"x":0.333,"y":0},"t":29,"s":[{"i":[[0,0],[-47.379,0.992],[8.658,-5.583],[6.087,-22.626],[41.854,6.718]],"o":[[27.56,14.48],[-16.421,12.002],[3.513,17.431],[-30.744,-41.758],[0,0]],"v":[[71.245,-11.08],[185.12,3.667],[119.255,46.473],[115.448,131.257],[42.01,68.574]],"c":false}]},{"i":{"x":0.667,"y":1},"o":{"x":0.333,"y":0},"t":44,"s":[{"i":[[0,0],[-34.418,32.576],[2.659,-9.953],[-10.698,-20.846],[40.523,-12.442]],"o":[[31.121,0.831],[-4.094,19.923],[14.315,10.547],[-50.83,-10.261],[0,0]],"v":[[59.887,-49.274],[145.873,-105.322],[125.867,-29.36],[180.026,35.982],[68.806,35.106]],"c":false}]},{"i":{"x":0.667,"y":1},"o":{"x":0.333,"y":0},"t":59,"s":[{"i":[[0,0],[-47.379,0.992],[8.658,-5.583],[6.087,-22.626],[41.854,6.718]],"o":[[27.56,14.48],[-16.421,12.002],[3.513,17.431],[-30.744,-41.758],[0,0]],"v":[[71.245,-11.08],[185.12,3.667],[119.255,46.473],[115.448,131.257],[42.01,68.574]],"c":false}]},{"i":{"x":0.667,"y":1},"o":{"x":0.333,"y":0},"t":74,"s":[{"i":[[0,0],[-34.418,32.576],[2.659,-9.953],[-10.698,-20.846],[40.523,-12.442]],"o":[[31.121,0.831],[-4.094,19.923],[14.315,10.547],[-50.83,-10.261],[0,0]],"v":[[59.887,-49.274],[145.873,-105.322],[125.867,-29.36],[180.026,35.982],[68.806,35.106]],"c":false}]},{"i":{"x":0.667,"y":1},"o":{"x":0.333,"y":0},"t":89,"s":[{"i":[[0,0],[-47.379,0.992],[8.658,-5.583],[6.087,-22.626],[41.854,6.718]],"o":[[27.56,14.48],[-16.421,12.002],[3.513,17.431],[-30.744,-41.758],[0,0]],"v":[[71.245,-11.08],[185.12,3.667],[119.255,46.473],[115.448,131.257],[42.01,68.574]],"c":false}]},{"i":{"x":0.667,"y":1},"o":{"x":0.333,"y":0},"t":106,"s":[{"i":[[0,0],[-34.418,32.576],[2.659,-9.953],[-10.698,-20.846],[40.523,-12.442]],"o":[[31.121,0.831],[-4.094,19.923],[14.315,10.547],[-50.83,-10.261],[0,0]],"v":[[59.887,-49.274],[145.873,-105.322],[125.867,-29.36],[180.026,35.982],[68.806,35.106]],"c":false}]},{"i":{"x":0.667,"y":1},"o":{"x":0.333,"y":0},"t":123,"s":[{"i":[[0,0],[-47.379,0.992],[8.658,-5.583],[6.087,-22.626],[41.854,6.718]],"o":[[27.56,14.48],[-16.421,12.002],[3.513,17.431],[-30.744,-41.758],[0,0]],"v":[[71.245,-11.08],[185.12,3.667],[119.255,46.473],[115.448,131.257],[42.01,68.574]],"c":false}]},{"i":{"x":0.02,"y":1},"o":{"x":0.333,"y":0},"t":140,"s":[{"i":[[0,0],[-34.418,32.576],[2.659,-9.953],[-10.698,-20.846],[40.523,-12.442]],"o":[[31.121,0.831],[-4.094,19.923],[14.315,10.547],[-50.83,-10.261],[0,0]],"v":[[59.887,-49.274],[145.873,-105.322],[125.867,-29.36],[180.026,35.982],[68.806,35.106]],"c":false}]},{"t":157,"s":[{"i":[[0,0],[-43.125,19.647],[5.744,-8.551],[-3.356,-23.189],[42.142,-4.579]],"o":[[30.407,6.683],[-10.336,17.517],[10.119,14.621],[-44.751,-26.197],[0,0]],"v":[[63.25,-39.256],[167.929,-66.299],[124.36,-0.937],[154.39,78.442],[56.101,45.292]],"c":false}]}],"ix":2},"nm":"Path 1","mn":"ADBE Vector Shape - Group","hd":false},{"ind":2,"ty":"sh","ix":3,"ks":{"a":1,"k":[{"i":{"x":0.667,"y":1},"o":{"x":0.167,"y":0.167},"t":6,"s":[{"i":[[0,0],[-30.385,0],[0,0]],"o":[[0,0],[12.384,-14.246],[0,0]],"v":[[-42.489,69.442],[25.317,84.477],[22.614,54.986]],"c":false}]},{"i":{"x":0.667,"y":1},"o":{"x":0.333,"y":0},"t":16,"s":[{"i":[[0,0],[-30.139,3.859],[0,0]],"o":[[0,0],[10.475,-15.703],[0,0]],"v":[[-40.62,68.823],[39.498,79.205],[33.071,50.296]],"c":false}]},{"i":{"x":0.667,"y":1},"o":{"x":0.333,"y":0},"t":29,"s":[{"i":[[0,0],[-30.065,-4.398],[0,0]],"o":[[0,0],[14.316,-12.303],[0,0]],"v":[[-51.822,73.359],[13.095,98.05],[15.053,71.455]],"c":false}]},{"i":{"x":0.667,"y":1},"o":{"x":0.333,"y":0},"t":44,"s":[{"i":[[0,0],[-30.139,3.859],[0,0]],"o":[[0,0],[10.475,-15.703],[0,0]],"v":[[-40.62,68.823],[39.498,79.205],[33.071,50.296]],"c":false}]},{"i":{"x":0.667,"y":1},"o":{"x":0.333,"y":0},"t":59,"s":[{"i":[[0,0],[-30.065,-4.398],[0,0]],"o":[[0,0],[14.316,-12.303],[0,0]],"v":[[-51.822,73.359],[13.095,98.05],[15.053,71.455]],"c":false}]},{"i":{"x":0.667,"y":1},"o":{"x":0.333,"y":0},"t":74,"s":[{"i":[[0,0],[-30.139,3.859],[0,0]],"o":[[0,0],[10.475,-15.703],[0,0]],"v":[[-40.62,68.823],[39.498,79.205],[33.071,50.296]],"c":false}]},{"i":{"x":0.667,"y":1},"o":{"x":0.333,"y":0},"t":89,"s":[{"i":[[0,0],[-30.065,-4.398],[0,0]],"o":[[0,0],[14.316,-12.303],[0,0]],"v":[[-51.822,73.359],[13.095,98.05],[15.053,71.455]],"c":false}]},{"i":{"x":0.667,"y":1},"o":{"x":0.333,"y":0},"t":106,"s":[{"i":[[0,0],[-30.139,3.859],[0,0]],"o":[[0,0],[10.475,-15.703],[0,0]],"v":[[-40.62,68.823],[39.498,79.205],[33.071,50.296]],"c":false}]},{"i":{"x":0.667,"y":1},"o":{"x":0.333,"y":0},"t":123,"s":[{"i":[[0,0],[-30.065,-4.398],[0,0]],"o":[[0,0],[14.316,-12.303],[0,0]],"v":[[-51.822,73.359],[13.095,98.05],[15.053,71.455]],"c":false}]},{"i":{"x":0.02,"y":1},"o":{"x":0.333,"y":0},"t":140,"s":[{"i":[[0,0],[-30.139,3.859],[0,0]],"o":[[0,0],[10.475,-15.703],[0,0]],"v":[[-40.62,68.823],[39.498,79.205],[33.071,50.296]],"c":false}]},{"t":157,"s":[{"i":[[0,0],[-30.385,0],[0,0]],"o":[[0,0],[12.384,-14.246],[0,0]],"v":[[-42.489,69.442],[25.317,84.477],[22.614,54.986]],"c":false}]}],"ix":2},"nm":"Path 2","mn":"ADBE Vector Shape - Group","hd":false},{"ind":3,"ty":"sh","ix":4,"ks":{"a":1,"k":[{"i":{"x":0.667,"y":1},"o":{"x":0.167,"y":0.167},"t":6,"s":[{"i":[[0,0],[-4.574,7.663],[-11.892,-5.302],[-29.539,-28.474],[0,0]],"o":[[1.481,-8.704],[6.674,-11.18],[18.366,8.188],[-8.23,9.89],[0,0]],"v":[[-59.059,-80.532],[-48.589,-106.078],[-16.079,-116.414],[60.629,-63.839],[52.841,-47.652]],"c":false}]},{"i":{"x":0.667,"y":1},"o":{"x":0.333,"y":0},"t":16,"s":[{"i":[[0,0],[-4.395,7.767],[-12.012,-5.025],[-32.916,-24.491],[0,0]],"o":[[1.279,-8.736],[6.413,-11.332],[18.55,7.761],[-6.907,10.855],[0,0]],"v":[[-60.657,-80.728],[-50.781,-106.509],[-18.519,-117.595],[55.687,-72.394],[50.018,-55.349]],"c":false}]},{"i":{"x":0.667,"y":1},"o":{"x":0.333,"y":0},"t":29,"s":[{"i":[[0,0],[-5.635,6.92],[-11,-6.967],[-23.294,-33.774],[0,0]],"o":[[2.725,-8.398],[8.221,-10.097],[16.987,10.76],[-10.031,8.058],[0,0]],"v":[[-46.511,-77.434],[-32.453,-101.195],[1.21,-106.717],[71.005,-39.773],[60.157,-25.456]],"c":false}]},{"i":{"x":0.667,"y":1},"o":{"x":0.333,"y":0},"t":44,"s":[{"i":[[0,0],[-4.395,7.767],[-12.012,-5.025],[-32.916,-24.491],[0,0]],"o":[[1.279,-8.736],[6.413,-11.332],[18.55,7.761],[-6.907,10.855],[0,0]],"v":[[-60.657,-80.728],[-50.781,-106.509],[-18.519,-117.595],[55.687,-72.394],[50.018,-55.349]],"c":false}]},{"i":{"x":0.667,"y":1},"o":{"x":0.333,"y":0},"t":59,"s":[{"i":[[0,0],[-5.635,6.92],[-11,-6.967],[-23.294,-33.774],[0,0]],"o":[[2.725,-8.398],[8.221,-10.097],[16.987,10.76],[-10.031,8.058],[0,0]],"v":[[-46.511,-77.434],[-32.453,-101.195],[1.21,-106.717],[71.005,-39.773],[60.157,-25.456]],"c":false}]},{"i":{"x":0.667,"y":1},"o":{"x":0.333,"y":0},"t":74,"s":[{"i":[[0,0],[-4.395,7.767],[-12.012,-5.025],[-32.916,-24.491],[0,0]],"o":[[1.279,-8.736],[6.413,-11.332],[18.55,7.761],[-6.907,10.855],[0,0]],"v":[[-60.657,-80.728],[-50.781,-106.509],[-18.519,-117.595],[55.687,-72.394],[50.018,-55.349]],"c":false}]},{"i":{"x":0.667,"y":1},"o":{"x":0.333,"y":0},"t":89,"s":[{"i":[[0,0],[-5.635,6.92],[-11,-6.967],[-23.294,-33.774],[0,0]],"o":[[2.725,-8.398],[8.221,-10.097],[16.987,10.76],[-10.031,8.058],[0,0]],"v":[[-46.511,-77.434],[-32.453,-101.195],[1.21,-106.717],[71.005,-39.773],[60.157,-25.456]],"c":false}]},{"i":{"x":0.667,"y":1},"o":{"x":0.333,"y":0},"t":106,"s":[{"i":[[0,0],[-4.395,7.767],[-12.012,-5.025],[-32.916,-24.491],[0,0]],"o":[[1.279,-8.736],[6.413,-11.332],[18.55,7.761],[-6.907,10.855],[0,0]],"v":[[-60.657,-80.728],[-50.781,-106.509],[-18.519,-117.595],[55.687,-72.394],[50.018,-55.349]],"c":false}]},{"i":{"x":0.667,"y":1},"o":{"x":0.333,"y":0},"t":123,"s":[{"i":[[0,0],[-5.635,6.92],[-11,-6.967],[-23.294,-33.774],[0,0]],"o":[[2.725,-8.398],[8.221,-10.097],[16.987,10.76],[-10.031,8.058],[0,0]],"v":[[-46.511,-77.434],[-32.453,-101.195],[1.21,-106.717],[71.005,-39.773],[60.157,-25.456]],"c":false}]},{"i":{"x":0.02,"y":1},"o":{"x":0.333,"y":0},"t":140,"s":[{"i":[[0,0],[-4.395,7.767],[-12.012,-5.025],[-32.916,-24.491],[0,0]],"o":[[1.279,-8.736],[6.413,-11.332],[18.55,7.761],[-6.907,10.855],[0,0]],"v":[[-60.657,-80.728],[-50.781,-106.509],[-18.519,-117.595],[55.687,-72.394],[50.018,-55.349]],"c":false}]},{"t":157,"s":[{"i":[[0,0],[-4.574,7.663],[-11.892,-5.302],[-29.539,-28.474],[0,0]],"o":[[1.481,-8.704],[6.674,-11.18],[18.366,8.188],[-8.23,9.89],[0,0]],"v":[[-59.059,-80.532],[-48.589,-106.078],[-16.079,-116.414],[60.629,-63.839],[52.841,-47.652]],"c":false}]}],"ix":2},"nm":"Path 3","mn":"ADBE Vector Shape - Group","hd":false},{"ty":"st","c":{"a":0,"k":[0.070588235294,0.074509803922,0.192156862745,1],"ix":3,"x":"var $bm_rt;\n$bm_rt = thisComp.layer('Color  & Stroke Change').effect('Secondary')('Color');"},"o":{"a":0,"k":100,"ix":4},"w":{"a":0,"k":18,"ix":5,"x":"var $bm_rt;\n$bm_rt = $bm_mul(18 / 100, thisComp.layer('Color  & Stroke Change').effect('Stroke')('Slider'));"},"lc":2,"lj":2,"bm":0,"nm":"Stroke 1","mn":"ADBE Vector Graphic - Stroke","hd":false},{"ty":"tr","p":{"a":0,"k":[0,0],"ix":2},"a":{"a":0,"k":[0,0],"ix":1},"s":{"a":0,"k":[100,100],"ix":3},"r":{"a":0,"k":0,"ix":6},"o":{"a":0,"k":100,"ix":7},"sk":{"a":0,"k":0,"ix":4},"sa":{"a":0,"k":0,"ix":5},"nm":"Transform"}],"nm":"Group 6","np":5,"cix":2,"bm":0,"ix":4,"mn":"ADBE Vector Group","hd":false}],"ip":0,"op":303,"st":0,"bm":0}],"markers":[]}