{"v":"5.1.11","fr":30,"ip":0,"op":120,"w":624,"h":624,"nm":"ZonaFans_Ajustes","ddd":0,"assets":[],"layers":[{"ddd":0,"ind":1,"ty":3,"nm":"Nulo 1","sr":1,"ks":{"o":{"a":0,"k":100,"ix":11},"r":{"a":0,"k":0,"ix":10},"p":{"a":0,"k":[301.5,322,0],"ix":2},"a":{"a":0,"k":[50,50,0],"ix":1},"s":{"a":0,"k":[100,100,100],"ix":6}},"ao":0,"ip":0,"op":120,"st":0,"bm":0},{"ddd":0,"ind":2,"ty":4,"nm":"handler4 contornos","parent":1,"sr":1,"ks":{"o":{"a":0,"k":100,"ix":11},"r":{"a":0,"k":0,"ix":10},"p":{"a":1,"k":[{"i":{"x":0,"y":1},"o":{"x":1,"y":0},"n":"0_1_1_0","t":30,"s":[212.725,119.276,0],"e":[130.725,164.776,0],"to":[-13.6666669845581,7.58333349227905,0],"ti":[13.6666669845581,-7.58333349227905,0]},{"i":{"x":0.481,"y":0.481},"o":{"x":0.167,"y":0.167},"n":"0p481_0p481_0p167_0p167","t":40,"s":[130.725,164.776,0],"e":[130.725,164.776,0],"to":[0,0,0],"ti":[0,0,0]},{"i":{"x":0,"y":1},"o":{"x":1,"y":0},"n":"0_1_1_0","t":84,"s":[130.725,164.776,0],"e":[212.725,119.276,0],"to":[13.6666669845581,-7.58333349227905,0],"ti":[-13.6666669845581,7.58333349227905,0]},{"t":94}],"ix":2},"a":{"a":0,"k":[67.567,51.073,0],"ix":1},"s":{"a":0,"k":[100,100,100],"ix":6}},"ao":0,"shapes":[{"ty":"gr","it":[{"ind":0,"ty":"sh","ix":1,"ks":{"a":0,"k":{"i":[[0,17.875],[37.178,0],[0,-17.875],[-37.179,0]],"o":[[0,-17.875],[-37.179,0],[0,17.875],[37.178,0]],"v":[[67.318,0],[0,-32.365],[-67.318,0],[0,32.365]],"c":true},"ix":2},"nm":"Trazado 1","mn":"ADBE Vector Shape - Group","hd":false},{"ty":"fl","c":{"a":0,"k":[0.607999973671,0.642999985639,0.647000002394,1],"ix":4},"o":{"a":0,"k":100,"ix":5},"r":1,"nm":"Relleno 1","mn":"ADBE Vector Graphic - Fill","hd":false},{"ty":"tr","p":{"a":0,"k":[67.567,32.615],"ix":2},"a":{"a":0,"k":[0,0],"ix":1},"s":{"a":0,"k":[100,100],"ix":3},"r":{"a":0,"k":0,"ix":6},"o":{"a":0,"k":100,"ix":7},"sk":{"a":0,"k":0,"ix":4},"sa":{"a":0,"k":0,"ix":5},"nm":"Transformar"}],"nm":"Grupo 1","np":2,"cix":2,"ix":1,"mn":"ADBE Vector Group","hd":false},{"ty":"gr","it":[{"ind":0,"ty":"sh","ix":1,"ks":{"a":0,"k":{"i":[[0,0],[0,-17.875],[0,0],[-37.178,0],[0,17.875]],"o":[[0,-17.875],[0,0],[0,17.875],[37.178,0],[0,0]],"v":[[67.318,-25.703],[-67.318,-25.703],[-67.318,11.213],[0,43.578],[67.318,11.213]],"c":true},"ix":2},"nm":"Trazado 1","mn":"ADBE Vector Shape - Group","hd":false},{"ty":"fl","c":{"a":0,"k":[0.486000001197,0.513999968884,0.517999985639,1],"ix":4},"o":{"a":0,"k":100,"ix":5},"r":1,"nm":"Relleno 1","mn":"ADBE Vector Graphic - Fill","hd":false},{"ty":"tr","p":{"a":0,"k":[67.567,58.318],"ix":2},"a":{"a":0,"k":[0,0],"ix":1},"s":{"a":0,"k":[100,100],"ix":3},"r":{"a":0,"k":0,"ix":6},"o":{"a":0,"k":100,"ix":7},"sk":{"a":0,"k":0,"ix":4},"sa":{"a":0,"k":0,"ix":5},"nm":"Transformar"}],"nm":"Grupo 2","np":2,"cix":2,"ix":2,"mn":"ADBE Vector Group","hd":false}],"ip":0,"op":120,"st":0,"bm":0},{"ddd":0,"ind":3,"ty":4,"nm":"handler5 contornos","parent":1,"sr":1,"ks":{"o":{"a":0,"k":100,"ix":11},"r":{"a":0,"k":0,"ix":10},"p":{"a":1,"k":[{"i":{"x":0,"y":1},"o":{"x":1,"y":0},"n":"0_1_1_0","t":20,"s":[126.149,-42.265,0],"e":[200.149,-1.765,0],"to":[12.3333330154419,6.75,0],"ti":[-12.3333330154419,-6.75,0]},{"i":{"x":0.455,"y":0.455},"o":{"x":0.167,"y":0.167},"n":"0p455_0p455_0p167_0p167","t":30,"s":[200.149,-1.765,0],"e":[200.149,-1.765,0],"to":[0,0,0],"ti":[0,0,0]},{"i":{"x":0,"y":1},"o":{"x":1,"y":0},"n":"0_1_1_0","t":74,"s":[200.149,-1.765,0],"e":[126.149,-42.265,0],"to":[-12.3333330154419,-6.75,0],"ti":[12.3333330154419,6.75,0]},{"t":84}],"ix":2},"a":{"a":0,"k":[67.567,51.073,0],"ix":1},"s":{"a":0,"k":[100,100,100],"ix":6}},"ao":0,"shapes":[{"ty":"gr","it":[{"ind":0,"ty":"sh","ix":1,"ks":{"a":0,"k":{"i":[[0,17.875],[37.178,0],[0,-17.875],[-37.179,0]],"o":[[0,-17.875],[-37.179,0],[0,17.875],[37.178,0]],"v":[[67.318,0],[0,-32.365],[-67.318,0],[0,32.365]],"c":true},"ix":2},"nm":"Trazado 1","mn":"ADBE Vector Shape - Group","hd":false},{"ty":"fl","c":{"a":0,"k":[0.607999973671,0.642999985639,0.647000002394,1],"ix":4},"o":{"a":0,"k":100,"ix":5},"r":1,"nm":"Relleno 1","mn":"ADBE Vector Graphic - Fill","hd":false},{"ty":"tr","p":{"a":0,"k":[67.567,32.615],"ix":2},"a":{"a":0,"k":[0,0],"ix":1},"s":{"a":0,"k":[100,100],"ix":3},"r":{"a":0,"k":0,"ix":6},"o":{"a":0,"k":100,"ix":7},"sk":{"a":0,"k":0,"ix":4},"sa":{"a":0,"k":0,"ix":5},"nm":"Transformar"}],"nm":"Grupo 1","np":2,"cix":2,"ix":1,"mn":"ADBE Vector Group","hd":false},{"ty":"gr","it":[{"ind":0,"ty":"sh","ix":1,"ks":{"a":0,"k":{"i":[[0,0],[0,-17.875],[0,0],[-37.178,0],[0,17.875]],"o":[[0,-17.875],[0,0],[0,17.875],[37.178,0],[0,0]],"v":[[67.318,-25.704],[-67.318,-25.704],[-67.318,11.214],[0,43.579],[67.318,11.214]],"c":true},"ix":2},"nm":"Trazado 1","mn":"ADBE Vector Shape - Group","hd":false},{"ty":"fl","c":{"a":0,"k":[0.486000001197,0.513999968884,0.517999985639,1],"ix":4},"o":{"a":0,"k":100,"ix":5},"r":1,"nm":"Relleno 1","mn":"ADBE Vector Graphic - Fill","hd":false},{"ty":"tr","p":{"a":0,"k":[67.567,58.318],"ix":2},"a":{"a":0,"k":[0,0],"ix":1},"s":{"a":0,"k":[100,100],"ix":3},"r":{"a":0,"k":0,"ix":6},"o":{"a":0,"k":100,"ix":7},"sk":{"a":0,"k":0,"ix":4},"sa":{"a":0,"k":0,"ix":5},"nm":"Transformar"}],"nm":"Grupo 2","np":2,"cix":2,"ix":2,"mn":"ADBE Vector Group","hd":false}],"ip":0,"op":120,"st":0,"bm":0},{"ddd":0,"ind":4,"ty":4,"nm":"handler2 contornos","parent":1,"sr":1,"ks":{"o":{"a":0,"k":100,"ix":11},"r":{"a":0,"k":0,"ix":10},"p":{"a":1,"k":[{"i":{"x":0,"y":1},"o":{"x":1,"y":0},"n":"0_1_1_0","t":10,"s":[-127.254,-28.995,0],"e":[-45.254,-74.995,0],"to":[13.6666669845581,-7.66666650772095,0],"ti":[-13.6666669845581,7.66666650772095,0]},{"i":{"x":0.365,"y":0.365},"o":{"x":0.167,"y":0.167},"n":"0p365_0p365_0p167_0p167","t":20,"s":[-45.254,-74.995,0],"e":[-45.254,-74.995,0],"to":[0,0,0],"ti":[0,0,0]},{"i":{"x":0,"y":1},"o":{"x":1,"y":0},"n":"0_1_1_0","t":64,"s":[-45.254,-74.995,0],"e":[-127.254,-28.995,0],"to":[-13.6666669845581,7.66666650772095,0],"ti":[13.6666669845581,-7.66666650772095,0]},{"t":74}],"ix":2},"a":{"a":0,"k":[67.567,51.073,0],"ix":1},"s":{"a":0,"k":[100,100,100],"ix":6}},"ao":0,"shapes":[{"ty":"gr","it":[{"ind":0,"ty":"sh","ix":1,"ks":{"a":0,"k":{"i":[[0,17.875],[37.178,0],[0,-17.875],[-37.179,0]],"o":[[0,-17.875],[-37.179,0],[0,17.875],[37.178,0]],"v":[[67.318,0],[0.001,-32.365],[-67.318,0],[0.001,32.365]],"c":true},"ix":2},"nm":"Trazado 1","mn":"ADBE Vector Shape - Group","hd":false},{"ty":"fl","c":{"a":0,"k":[0.607999973671,0.642999985639,0.647000002394,1],"ix":4},"o":{"a":0,"k":100,"ix":5},"r":1,"nm":"Relleno 1","mn":"ADBE Vector Graphic - Fill","hd":false},{"ty":"tr","p":{"a":0,"k":[67.567,32.615],"ix":2},"a":{"a":0,"k":[0,0],"ix":1},"s":{"a":0,"k":[100,100],"ix":3},"r":{"a":0,"k":0,"ix":6},"o":{"a":0,"k":100,"ix":7},"sk":{"a":0,"k":0,"ix":4},"sa":{"a":0,"k":0,"ix":5},"nm":"Transformar"}],"nm":"Grupo 1","np":2,"cix":2,"ix":1,"mn":"ADBE Vector Group","hd":false},{"ty":"gr","it":[{"ind":0,"ty":"sh","ix":1,"ks":{"a":0,"k":{"i":[[0,0],[0,-17.875],[0,0],[-37.179,0],[0,17.874]],"o":[[0,-17.875],[0,0],[0,17.874],[37.178,0],[0,0]],"v":[[67.318,-25.703],[-67.318,-25.703],[-67.318,11.214],[0.001,43.578],[67.318,11.214]],"c":true},"ix":2},"nm":"Trazado 1","mn":"ADBE Vector Shape - Group","hd":false},{"ty":"fl","c":{"a":0,"k":[0.486000001197,0.513999968884,0.517999985639,1],"ix":4},"o":{"a":0,"k":100,"ix":5},"r":1,"nm":"Relleno 1","mn":"ADBE Vector Graphic - Fill","hd":false},{"ty":"tr","p":{"a":0,"k":[67.567,58.318],"ix":2},"a":{"a":0,"k":[0,0],"ix":1},"s":{"a":0,"k":[100,100],"ix":3},"r":{"a":0,"k":0,"ix":6},"o":{"a":0,"k":100,"ix":7},"sk":{"a":0,"k":0,"ix":4},"sa":{"a":0,"k":0,"ix":5},"nm":"Transformar"}],"nm":"Grupo 2","np":2,"cix":2,"ix":2,"mn":"ADBE Vector Group","hd":false}],"ip":0,"op":120,"st":0,"bm":0},{"ddd":0,"ind":5,"ty":4,"nm":"handler3 contornos","parent":1,"sr":1,"ks":{"o":{"a":0,"k":100,"ix":11},"r":{"a":0,"k":0,"ix":10},"p":{"a":1,"k":[{"i":{"x":0,"y":1},"o":{"x":1,"y":0},"n":"0_1_1_0","t":0,"s":[-45.651,139.585,0],"e":[-119.151,98.585,0],"to":[-12.25,-6.83333349227905,0],"ti":[12.25,6.83333349227905,0]},{"i":{"x":0,"y":0},"o":{"x":0.333,"y":0.333},"n":"0_0_0p333_0p333","t":10,"s":[-119.151,98.585,0],"e":[-119.151,98.585,0],"to":[0,0,0],"ti":[0,0,0]},{"i":{"x":0,"y":1},"o":{"x":1,"y":0},"n":"0_1_1_0","t":54,"s":[-119.151,98.585,0],"e":[-45.651,139.585,0],"to":[12.25,6.83333349227905,0],"ti":[-12.25,-6.83333349227905,0]},{"t":64}],"ix":2},"a":{"a":0,"k":[67.567,51.074,0],"ix":1},"s":{"a":0,"k":[100,100,100],"ix":6}},"ao":0,"shapes":[{"ty":"gr","it":[{"ind":0,"ty":"sh","ix":1,"ks":{"a":0,"k":{"i":[[0,17.875],[37.178,0],[0,-17.874],[-37.179,0]],"o":[[0,-17.874],[-37.179,0],[0,17.875],[37.178,0]],"v":[[67.318,0],[0.001,-32.365],[-67.318,0],[0.001,32.365]],"c":true},"ix":2},"nm":"Trazado 1","mn":"ADBE Vector Shape - Group","hd":false},{"ty":"fl","c":{"a":0,"k":[0.607999973671,0.642999985639,0.647000002394,1],"ix":4},"o":{"a":0,"k":100,"ix":5},"r":1,"nm":"Relleno 1","mn":"ADBE Vector Graphic - Fill","hd":false},{"ty":"tr","p":{"a":0,"k":[67.567,32.615],"ix":2},"a":{"a":0,"k":[0,0],"ix":1},"s":{"a":0,"k":[100,100],"ix":3},"r":{"a":0,"k":0,"ix":6},"o":{"a":0,"k":100,"ix":7},"sk":{"a":0,"k":0,"ix":4},"sa":{"a":0,"k":0,"ix":5},"nm":"Transformar"}],"nm":"Grupo 1","np":2,"cix":2,"ix":1,"mn":"ADBE Vector Group","hd":false},{"ty":"gr","it":[{"ind":0,"ty":"sh","ix":1,"ks":{"a":0,"k":{"i":[[0,0],[0,-17.874],[0,0],[-37.179,0],[0,17.874]],"o":[[0,-17.874],[0,0],[0,17.874],[37.178,0],[0,0]],"v":[[67.318,-25.704],[-67.318,-25.704],[-67.318,11.213],[0.001,43.578],[67.318,11.213]],"c":true},"ix":2},"nm":"Trazado 1","mn":"ADBE Vector Shape - Group","hd":false},{"ty":"fl","c":{"a":0,"k":[0.486000001197,0.513999968884,0.517999985639,1],"ix":4},"o":{"a":0,"k":100,"ix":5},"r":1,"nm":"Relleno 1","mn":"ADBE Vector Graphic - Fill","hd":false},{"ty":"tr","p":{"a":0,"k":[67.567,58.319],"ix":2},"a":{"a":0,"k":[0,0],"ix":1},"s":{"a":0,"k":[100,100],"ix":3},"r":{"a":0,"k":0,"ix":6},"o":{"a":0,"k":100,"ix":7},"sk":{"a":0,"k":0,"ix":4},"sa":{"a":0,"k":0,"ix":5},"nm":"Transformar"}],"nm":"Grupo 2","np":2,"cix":2,"ix":2,"mn":"ADBE Vector Group","hd":false}],"ip":0,"op":120,"st":0,"bm":0},{"ddd":0,"ind":6,"ty":4,"nm":"handler1 contornos","parent":1,"sr":1,"ks":{"o":{"a":0,"k":100,"ix":11},"r":{"a":0,"k":0,"ix":10},"p":{"a":1,"k":[{"i":{"x":0,"y":1},"o":{"x":1,"y":0},"n":"0_1_1_0","t":41,"s":[2.991,28.841,0],"e":[76.491,67.841,0],"to":[12.25,6.5,0],"ti":[-12.25,-6.5,0]},{"i":{"x":0.439,"y":0.439},"o":{"x":0.167,"y":0.167},"n":"0p439_0p439_0p167_0p167","t":51,"s":[76.491,67.841,0],"e":[76.491,67.841,0],"to":[0,0,0],"ti":[0,0,0]},{"i":{"x":0,"y":1},"o":{"x":1,"y":0},"n":"0_1_1_0","t":94,"s":[76.491,67.841,0],"e":[2.991,28.841,0],"to":[-12.25,-6.5,0],"ti":[12.25,6.5,0]},{"t":104}],"ix":2},"a":{"a":0,"k":[67.567,51.073,0],"ix":1},"s":{"a":0,"k":[100,100,100],"ix":6}},"ao":0,"shapes":[{"ty":"gr","it":[{"ind":0,"ty":"sh","ix":1,"ks":{"a":0,"k":{"i":[[0,17.875],[37.178,0],[0,-17.875],[-37.179,0]],"o":[[0,-17.875],[-37.179,0],[0,17.875],[37.178,0]],"v":[[67.317,0],[0,-32.365],[-67.317,0],[0,32.365]],"c":true},"ix":2},"nm":"Trazado 1","mn":"ADBE Vector Shape - Group","hd":false},{"ty":"fl","c":{"a":0,"k":[0.607999973671,0.642999985639,0.647000002394,1],"ix":4},"o":{"a":0,"k":100,"ix":5},"r":1,"nm":"Relleno 1","mn":"ADBE Vector Graphic - Fill","hd":false},{"ty":"tr","p":{"a":0,"k":[67.567,32.615],"ix":2},"a":{"a":0,"k":[0,0],"ix":1},"s":{"a":0,"k":[100,100],"ix":3},"r":{"a":0,"k":0,"ix":6},"o":{"a":0,"k":100,"ix":7},"sk":{"a":0,"k":0,"ix":4},"sa":{"a":0,"k":0,"ix":5},"nm":"Transformar"}],"nm":"Grupo 1","np":2,"cix":2,"ix":1,"mn":"ADBE Vector Group","hd":false},{"ty":"gr","it":[{"ind":0,"ty":"sh","ix":1,"ks":{"a":0,"k":{"i":[[0,0],[0,-17.875],[0,0],[-37.178,0],[0,17.875]],"o":[[0,-17.875],[0,0],[0,17.875],[37.178,0],[0,0]],"v":[[67.317,-25.704],[-67.317,-25.704],[-67.317,11.214],[0,43.579],[67.317,11.214]],"c":true},"ix":2},"nm":"Trazado 1","mn":"ADBE Vector Shape - Group","hd":false},{"ty":"fl","c":{"a":0,"k":[0.486000001197,0.513999968884,0.517999985639,1],"ix":4},"o":{"a":0,"k":100,"ix":5},"r":1,"nm":"Relleno 1","mn":"ADBE Vector Graphic - Fill","hd":false},{"ty":"tr","p":{"a":0,"k":[67.567,58.318],"ix":2},"a":{"a":0,"k":[0,0],"ix":1},"s":{"a":0,"k":[100,100],"ix":3},"r":{"a":0,"k":0,"ix":6},"o":{"a":0,"k":100,"ix":7},"sk":{"a":0,"k":0,"ix":4},"sa":{"a":0,"k":0,"ix":5},"nm":"Transformar"}],"nm":"Grupo 2","np":2,"cix":2,"ix":2,"mn":"ADBE Vector Group","hd":false}],"ip":0,"op":120,"st":0,"bm":0},{"ddd":0,"ind":7,"ty":4,"nm":"switchs contornos","parent":1,"sr":1,"ks":{"o":{"a":0,"k":100,"ix":11},"r":{"a":0,"k":0,"ix":10},"p":{"a":0,"k":[58.547,63.63,0],"ix":2},"a":{"a":0,"k":[271.607,171.043,0],"ix":1},"s":{"a":0,"k":[100,100,100],"ix":6}},"ao":0,"shapes":[{"ty":"gr","it":[{"ind":0,"ty":"sh","ix":1,"ks":{"a":0,"k":{"i":[[12.135,6.506],[21.204,0],[0,-20.135],[-10.345,-6.287],[-10.447,-6.303],[-22.75,0],[0,20.135],[11.178,6.4]],"o":[[-13.373,-7.17],[-40.445,0],[0,8.762],[13.429,8.162],[13.432,8.102],[40.445,0],[0,-9.148],[-13.427,-7.688]],"v":[[15.767,-46.689],[-37.911,-58.346],[-111.143,-21.888],[-94.59,1.2],[-18.599,45.079],[37.911,58.346],[111.143,21.888],[93.197,-2.022]],"c":true},"ix":2},"nm":"Trazado 1","mn":"ADBE Vector Shape - Group","hd":false},{"ty":"fl","c":{"a":1,"k":[{"i":{"x":[0],"y":[1]},"o":{"x":[1],"y":[0]},"n":["0_1_1_0"],"t":20,"s":[0,0,0,1],"e":[1,0.800000059838,0,1]},{"i":{"x":[0.667],"y":[1]},"o":{"x":[0.333],"y":[0]},"n":["0p667_1_0p333_0"],"t":30,"s":[1,0.800000059838,0,1],"e":[1,0.8,0,1]},{"i":{"x":[0],"y":[1]},"o":{"x":[1],"y":[0]},"n":["0_1_1_0"],"t":74,"s":[1,0.8,0,1],"e":[0,0,0,1]},{"t":84}],"ix":4},"o":{"a":0,"k":100,"ix":5},"r":1,"nm":"Relleno 1","mn":"ADBE Vector Graphic - Fill","hd":false},{"ty":"tr","p":{"a":0,"k":[376.877,105.396],"ix":2},"a":{"a":0,"k":[0,0],"ix":1},"s":{"a":0,"k":[100,100],"ix":3},"r":{"a":0,"k":0,"ix":6},"o":{"a":0,"k":100,"ix":7},"sk":{"a":0,"k":0,"ix":4},"sa":{"a":0,"k":0,"ix":5},"nm":"Transformar"}],"nm":"Grupo 1","np":2,"cix":2,"ix":1,"mn":"ADBE Vector Group","hd":false},{"ty":"gr","it":[{"ind":0,"ty":"sh","ix":1,"ks":{"a":0,"k":{"i":[[12.135,6.506],[21.205,0],[0,-20.135],[-10.345,-6.287],[-10.447,-6.303],[-22.751,0],[0,20.136],[11.178,6.401]],"o":[[-13.373,-7.17],[-40.445,0],[0,8.762],[13.43,8.162],[13.432,8.102],[40.444,0],[0,-9.147],[-13.427,-7.687]],"v":[[15.767,-46.689],[-37.911,-58.345],[-111.143,-21.887],[-94.59,1.201],[-18.6,45.079],[37.911,58.345],[111.143,21.888],[93.197,-2.022]],"c":true},"ix":2},"nm":"Trazado 1","mn":"ADBE Vector Shape - Group","hd":false},{"ty":"fl","c":{"a":1,"k":[{"i":{"x":[0],"y":[1]},"o":{"x":[1],"y":[0]},"n":["0_1_1_0"],"t":41,"s":[0,0,0,1],"e":[1,0.800000059838,0,1]},{"i":{"x":[0.667],"y":[1]},"o":{"x":[0.333],"y":[0]},"n":["0p667_1_0p333_0"],"t":51,"s":[1,0.800000059838,0,1],"e":[1,0.8,0,1]},{"i":{"x":[0],"y":[1]},"o":{"x":[1],"y":[0]},"n":["0_1_1_0"],"t":94,"s":[1,0.8,0,1],"e":[0,0,0,1]},{"t":104}],"ix":4},"o":{"a":0,"k":100,"ix":5},"r":1,"nm":"Relleno 1","mn":"ADBE Vector Graphic - Fill","hd":false},{"ty":"tr","p":{"a":0,"k":[253.719,176.502],"ix":2},"a":{"a":0,"k":[0,0],"ix":1},"s":{"a":0,"k":[100,100],"ix":3},"r":{"a":0,"k":0,"ix":6},"o":{"a":0,"k":100,"ix":7},"sk":{"a":0,"k":0,"ix":4},"sa":{"a":0,"k":0,"ix":5},"nm":"Transformar"}],"nm":"Grupo 2","np":2,"cix":2,"ix":2,"mn":"ADBE Vector Group","hd":false},{"ty":"gr","it":[{"ind":0,"ty":"sh","ix":1,"ks":{"a":0,"k":{"i":[[12.135,6.506],[21.205,0],[0,-20.135],[-10.346,-6.287],[-10.447,-6.303],[-22.75,0],[0,20.136],[11.179,6.401]],"o":[[-13.374,-7.171],[-40.445,0],[0,8.762],[13.43,8.162],[13.432,8.102],[40.445,0],[0,-9.147],[-13.426,-7.687]],"v":[[15.767,-46.689],[-37.911,-58.345],[-111.143,-21.887],[-94.59,1.201],[-18.599,45.079],[37.911,58.345],[111.143,21.887],[93.196,-2.023]],"c":true},"ix":2},"nm":"Trazado 1","mn":"ADBE Vector Shape - Group","hd":false},{"ty":"fl","c":{"a":1,"k":[{"i":{"x":[0],"y":[1]},"o":{"x":[1],"y":[0]},"n":["0_1_1_0"],"t":0,"s":[1,0.8,0,1],"e":[0,0,0,1]},{"i":{"x":[0.667],"y":[1]},"o":{"x":[0.333],"y":[0]},"n":["0p667_1_0p333_0"],"t":10,"s":[0,0,0,1],"e":[0,0,0,1]},{"i":{"x":[0],"y":[1]},"o":{"x":[1],"y":[0]},"n":["0_1_1_0"],"t":54,"s":[0,0,0,1],"e":[1,0.800000059838,0,1]},{"t":64}],"ix":4},"o":{"a":0,"k":100,"ix":5},"r":1,"nm":"Relleno 1","mn":"ADBE Vector Graphic - Fill","hd":false},{"ty":"tr","p":{"a":0,"k":[131.577,246.246],"ix":2},"a":{"a":0,"k":[0,0],"ix":1},"s":{"a":0,"k":[100,100],"ix":3},"r":{"a":0,"k":0,"ix":6},"o":{"a":0,"k":100,"ix":7},"sk":{"a":0,"k":0,"ix":4},"sa":{"a":0,"k":0,"ix":5},"nm":"Transformar"}],"nm":"Grupo 3","np":2,"cix":2,"ix":3,"mn":"ADBE Vector Group","hd":false},{"ty":"gr","it":[{"ind":0,"ty":"sh","ix":1,"ks":{"a":0,"k":{"i":[[41.729,0],[13.858,-7.91],[13.859,-8.193],[0,-8.906],[-41.728,0],[-13.857,7.861],[-13.832,7.516],[0,9.462]],"o":[[-23.001,0],[-11.283,6.441],[-10.778,6.372],[0,20.358],[22.919,0],[11.373,-6.452],[12.011,-6.527],[0,-20.357]],"v":[[39.94,-60.453],[-17.52,-47.529],[-98.243,0.144],[-115.496,23.591],[-39.94,60.453],[17.37,47.614],[96.179,1.026],[115.496,-23.592]],"c":true},"ix":2},"nm":"Trazado 1","mn":"ADBE Vector Shape - Group","hd":false},{"ty":"fl","c":{"a":1,"k":[{"i":{"x":[0],"y":[1]},"o":{"x":[1],"y":[0]},"n":["0_1_1_0"],"t":30,"s":[1,0.8,0,1],"e":[0,0,0,1]},{"i":{"x":[0.667],"y":[1]},"o":{"x":[0.333],"y":[0]},"n":["0p667_1_0p333_0"],"t":40,"s":[0,0,0,1],"e":[0,0,0,1]},{"i":{"x":[0],"y":[1]},"o":{"x":[1],"y":[0]},"n":["0_1_1_0"],"t":84,"s":[0,0,0,1],"e":[1,0.800000059838,0,1]},{"t":94}],"ix":4},"o":{"a":0,"k":100,"ix":5},"r":1,"nm":"Relleno 1","mn":"ADBE Vector Graphic - Fill","hd":false},{"ty":"tr","p":{"a":0,"k":[385.232,268.398],"ix":2},"a":{"a":0,"k":[0,0],"ix":1},"s":{"a":0,"k":[100,100],"ix":3},"r":{"a":0,"k":0,"ix":6},"o":{"a":0,"k":100,"ix":7},"sk":{"a":0,"k":0,"ix":4},"sa":{"a":0,"k":0,"ix":5},"nm":"Transformar"}],"nm":"Grupo 4","np":2,"cix":2,"ix":4,"mn":"ADBE Vector Group","hd":false},{"ty":"gr","it":[{"ind":0,"ty":"sh","ix":1,"ks":{"a":0,"k":{"i":[[41.729,0],[13.857,-7.91],[13.858,-8.192],[0,-8.907],[-41.728,0],[-13.856,7.861],[-13.832,7.517],[0,9.462]],"o":[[-23.001,0],[-11.284,6.44],[-10.778,6.372],[0,20.358],[22.918,0],[11.373,-6.452],[12.01,-6.527],[0,-20.358]],"v":[[39.94,-60.454],[-17.519,-47.528],[-98.242,0.144],[-115.496,23.592],[-39.939,60.454],[17.37,47.615],[96.18,1.025],[115.496,-23.592]],"c":true},"ix":2},"nm":"Trazado 1","mn":"ADBE Vector Shape - Group","hd":false},{"ty":"fl","c":{"a":1,"k":[{"i":{"x":[0],"y":[1]},"o":{"x":[1],"y":[0]},"n":["0_1_1_0"],"t":10,"s":[0,0,0,1],"e":[1,0.800000059838,0,1]},{"i":{"x":[0.667],"y":[1]},"o":{"x":[0.333],"y":[0]},"n":["0p667_1_0p333_0"],"t":20,"s":[1,0.800000059838,0,1],"e":[1,0.8,0,1]},{"i":{"x":[0],"y":[1]},"o":{"x":[1],"y":[0]},"n":["0_1_1_0"],"t":64,"s":[1,0.8,0,1],"e":[0,0,0,1]},{"t":74}],"ix":4},"o":{"a":0,"k":100,"ix":5},"r":1,"nm":"Relleno 1","mn":"ADBE Vector Graphic - Fill","hd":false},{"ty":"tr","p":{"a":0,"k":[127.253,74.627],"ix":2},"a":{"a":0,"k":[0,0],"ix":1},"s":{"a":0,"k":[100,100],"ix":3},"r":{"a":0,"k":0,"ix":6},"o":{"a":0,"k":100,"ix":7},"sk":{"a":0,"k":0,"ix":4},"sa":{"a":0,"k":0,"ix":5},"nm":"Transformar"}],"nm":"Grupo 5","np":2,"cix":2,"ix":5,"mn":"ADBE Vector Group","hd":false},{"ty":"gr","it":[{"ind":0,"ty":"sh","ix":1,"ks":{"a":0,"k":{"i":[[51.513,0],[13.44,-3.663],[9.326,5.341],[14.998,8.041],[26.208,0],[6.995,-0.863],[-11.363,6.353],[0,-2.004],[-12.787,-7.77],[-12.912,-7.79],[-28.119,0],[0,24.886],[13.817,7.911],[14.997,8.042],[26.208,0],[16.414,-8.288],[0,2.001],[51.512,0],[17.108,-9.765],[17.108,-10.114],[0,-10.995],[-51.512,0],[-12.546,3.063],[0,-3.687],[-12.786,-7.77],[-12.912,-7.789],[-22.443,-1.717],[4.721,-2.791],[7.739,4.431],[14.998,8.041],[26.208,0],[0,-24.886],[-12.786,-7.77],[-12.912,-7.789],[-28.118,0],[-16.603,9.743],[-41.29,0],[-17.106,9.704],[-17.076,9.279],[0,11.68]],"o":[[-16.488,0],[-3.462,-7.102],[-16.594,-9.501],[-16.529,-8.862],[-7.531,0],[21.802,-13.054],[-0.509,1.934],[0,10.829],[16.599,10.088],[16.602,10.013],[49.989,0],[0,-11.306],[-16.594,-9.502],[-16.529,-8.862],[-25.225,0],[0.513,-1.933],[0,-25.132],[-28.394,0],[-13.928,7.95],[-13.305,7.865],[0,25.131],[14.984,0],[-1.678,3.43],[0,10.828],[16.599,10.087],[13.819,8.337],[-10.021,5.942],[-3.806,-5.695],[-16.594,-9.502],[-16.529,-8.863],[-49.988,0],[0,10.829],[16.6,10.088],[16.601,10.014],[27.672,0],[12.274,18.139],[28.291,0],[14.039,-7.965],[14.825,-8.057],[0,-25.132]],"v":[[178.336,21.789],[132.932,27.551],[113.315,8.662],[17.616,-46.543],[-48.727,-60.951],[-70.566,-59.627],[-12.539,-93.914],[-13.314,-88.003],[7.144,-59.468],[101.066,-5.235],[170.91,11.162],[261.422,-33.899],[239.24,-63.45],[143.541,-118.656],[77.197,-133.064],[12.746,-119.636],[13.543,-125.538],[-79.728,-171.043],[-150.66,-155.088],[-250.309,-96.238],[-271.607,-67.293],[-178.336,-21.788],[-136.665,-26.589],[-139.239,-15.89],[-118.781,12.645],[-24.858,66.877],[31.139,82.735],[8.004,96.446],[-9.566,81.128],[-105.265,25.923],[-171.608,11.515],[-262.12,56.575],[-241.662,85.11],[-147.739,139.343],[-77.896,155.74],[-8.854,139.814],[79.729,171.044],[150.475,155.194],[247.763,97.682],[271.607,67.294]],"c":true},"ix":2},"nm":"Trazado 1","mn":"ADBE Vector Shape - Group","hd":false},{"ty":"fl","c":{"a":0,"k":[0,0,0,1],"ix":4},"o":{"a":0,"k":10,"ix":5},"r":1,"nm":"Relleno 1","mn":"ADBE Vector Graphic - Fill","hd":false},{"ty":"tr","p":{"a":0,"k":[271.607,171.043],"ix":2},"a":{"a":0,"k":[0,0],"ix":1},"s":{"a":0,"k":[100,100],"ix":3},"r":{"a":0,"k":0,"ix":6},"o":{"a":0,"k":100,"ix":7},"sk":{"a":0,"k":0,"ix":4},"sa":{"a":0,"k":0,"ix":5},"nm":"Transformar"}],"nm":"Grupo 6","np":2,"cix":2,"ix":6,"mn":"ADBE Vector Group","hd":false}],"ip":0,"op":120,"st":0,"bm":0}],"markers":[]}