{"v":"5.5.7","meta":{"g":"LottieFiles AE 0.1.20","a":"","k":"","d":"","tc":""},"fr":60,"ip":0,"op":240,"w":400,"h":400,"nm":"SettingsIcon","ddd":0,"assets":[],"layers":[{"ddd":0,"ind":1,"ty":4,"nm":"Shape Layer 2","sr":1,"ks":{"o":{"a":0,"k":100,"ix":11},"r":{"a":0,"k":0,"ix":10},"p":{"a":0,"k":[200,167,0],"ix":2},"a":{"a":0,"k":[0,0,0],"ix":1},"s":{"a":0,"k":[100,100,100],"ix":6}},"ao":0,"shapes":[{"ty":"gr","it":[{"ind":0,"ty":"sh","ix":1,"ks":{"a":0,"k":{"i":[[0,0],[0,0],[0,0],[0,0],[0,0],[-3,-29.5],[-12.262,-4.96],[-25.625,0],[-5.853,3.119],[2.447,21.146]],"o":[[0,0],[0,0],[0,0],[0,0],[0,0],[1.92,18.875],[5.906,2.389],[26.5,0],[13.596,-7.245],[-2.335,-20.178]],"v":[[20.167,-36.07],[10.875,4.728],[-12.425,4.985],[-20,-22],[-24,-35.75],[-41.75,4.5],[-15.369,39.293],[2,185.5],[19.482,37.435],[41.5,-5.75]],"c":true},"ix":2},"nm":"Path 1","mn":"ADBE Vector Shape - Group","hd":false},{"ty":"fl","c":{"a":0,"k":[0.3137254901960784,0.8901960784313725,0.7607843137254902,1],"ix":4},"o":{"a":0,"k":100,"ix":5},"r":1,"bm":0,"nm":"Fill 1","mn":"ADBE Vector Graphic - Fill","hd":false},{"ty":"tr","p":{"a":0,"k":[0,0],"ix":2},"a":{"a":0,"k":[0,0],"ix":1},"s":{"a":0,"k":[100,100],"ix":3},"r":{"a":1,"k":[{"i":{"x":[0.681],"y":[1]},"o":{"x":[0.957],"y":[0]},"t":30,"s":[0]},{"i":{"x":[0.407],"y":[1]},"o":{"x":[0.637],"y":[0]},"t":60,"s":[45]},{"i":{"x":[0.087],"y":[1]},"o":{"x":[0.243],"y":[0]},"t":75,"s":[0]},{"i":{"x":[0.407],"y":[1]},"o":{"x":[0.167],"y":[0]},"t":93,"s":[45]},{"i":{"x":[0.087],"y":[1]},"o":{"x":[0.243],"y":[0]},"t":125,"s":[0]},{"i":{"x":[0.833],"y":[1]},"o":{"x":[0.167],"y":[0]},"t":141,"s":[45]},{"t":166,"s":[0]}],"ix":6},"o":{"a":0,"k":100,"ix":7},"sk":{"a":0,"k":0,"ix":4},"sa":{"a":0,"k":0,"ix":5},"nm":"Transform"}],"nm":"Shape 1","np":2,"cix":2,"bm":0,"ix":1,"mn":"ADBE Vector Group","hd":false}],"ip":0,"op":240,"st":0,"bm":0},{"ddd":0,"ind":2,"ty":4,"nm":"Shape Layer 1","sr":1,"ks":{"o":{"a":0,"k":100,"ix":11},"r":{"a":1,"k":[{"i":{"x":[0.667],"y":[1]},"o":{"x":[0.949],"y":[0]},"t":30,"s":[0]},{"i":{"x":[0.153],"y":[1]},"o":{"x":[0.333],"y":[0]},"t":60,"s":[30]},{"i":{"x":[0.238],"y":[1]},"o":{"x":[0.397],"y":[0]},"t":75,"s":[30]},{"i":{"x":[0.667],"y":[1]},"o":{"x":[0.001],"y":[0]},"t":93,"s":[60]},{"i":{"x":[0.667],"y":[1]},"o":{"x":[0.721],"y":[0]},"t":125,"s":[60]},{"t":141,"s":[90]}],"ix":10},"p":{"a":0,"k":[200,165,0],"ix":2},"a":{"a":0,"k":[0,0,0],"ix":1},"s":{"a":0,"k":[100,100,100],"ix":6}},"ao":0,"shapes":[{"ty":"gr","it":[{"ind":0,"ty":"sh","ix":1,"ks":{"a":0,"k":{"i":[[-27.614,0],[0,-27.614],[27.614,0],[0,27.614]],"o":[[27.614,0],[0,27.614],[-27.614,0],[0,-27.614]],"v":[[0,-50],[50,0],[0,50],[-50,0]],"c":true},"ix":2},"nm":"Path 2","mn":"ADBE Vector Shape - Group","hd":false},{"ind":1,"ty":"sh","ix":2,"ks":{"a":0,"k":{"i":[[-21.135,0],[-31.242,-12.941],[-14.945,-14.945],[-12.941,-31.242],[0,-21.135],[12.941,-31.242],[14.945,-14.945],[31.242,-12.941],[21.135,0],[31.242,12.941],[14.945,14.945],[12.941,31.242],[0,21.135],[-12.941,31.242],[-14.945,14.945],[-31.242,12.941]],"o":[[21.135,0],[31.242,12.941],[14.945,14.945],[12.941,31.242],[0,21.135],[-12.941,31.242],[-14.945,14.945],[-31.242,12.941],[-21.135,0],[-31.242,-12.941],[-14.945,-14.945],[-12.941,-31.242],[0,-21.135],[12.941,-31.242],[14.945,-14.945],[31.242,-12.941]],"v":[[0,-100],[30.615,-73.91],[70.711,-70.711],[73.91,-30.615],[100,0],[73.91,30.615],[70.711,70.711],[30.615,73.91],[0,100],[-30.615,73.91],[-70.711,70.711],[-73.91,30.615],[-100,0],[-73.91,-30.615],[-70.711,-70.711],[-30.615,-73.91]],"c":true},"ix":2},"nm":"Path 1","mn":"ADBE Vector Shape - Group","hd":false},{"ty":"fl","c":{"a":0,"k":[0.9411764705882353,0.9411764705882353,0.9450980392156862,1],"ix":4},"o":{"a":0,"k":100,"ix":5},"r":2,"bm":0,"nm":"Fill 1","mn":"ADBE Vector Graphic - Fill","hd":false},{"ty":"tr","p":{"a":0,"k":[0,0],"ix":2},"a":{"a":0,"k":[0,0],"ix":1},"s":{"a":0,"k":[100,100],"ix":3},"r":{"a":0,"k":0,"ix":6},"o":{"a":0,"k":100,"ix":7},"sk":{"a":0,"k":0,"ix":4},"sa":{"a":0,"k":0,"ix":5},"nm":"Transform"}],"nm":"Polystar 1","np":3,"cix":2,"bm":0,"ix":1,"mn":"ADBE Vector Group","hd":false}],"ip":0,"op":240,"st":0,"bm":0}],"markers":[]}